Title;Author;URL;
Covid 19, ce que révèlent les chiffres officiels: Mortalité, tests, vaccins, hôpitaux, la vérité émerge;Pierre Chaillot;https://www.amazon.com.be/Covid-que-révèlent-chiffres-officiels/dp/2810011524;
'Les Apprentis sorciers: Tout ce que l''on vous cache sur l''ARN messager  ';Alexandra Henrion Caude;https://www.amazon.com.be/Apprentis-sorciers-Tout-cache-messager/dp/B0BM8X5JY5;
Covid-19 guerre ouverte contre les peuples - Décryptage des mensonges et de la folie ambiante  ;Eusèbe Rioché;https://www.amazon.com.be/Covid-19-guerre-ouverte-contre-peuples/dp/2874342106;
'Tous vaccinés, tous protégés? - Vaccins covid-19, Chronique d''une catastrophe sanitaire annoncée  ';Christine Cotton, Laurence Muller-Bronn, et al.;https://www.amazon.com.be/Tous-vaccinés-tous-protégés-catastrophe/dp/2813229865;
Covid 19 : Les Dossiers Dangereux: " Dépopulation, morts suspectes, manipulations, compromissions et organisations mafieuses " NOUVELLES REVELATIONS  ;Patrice Servage et Philippe Aimar;https://www.amazon.com.be/Covid-19-manipulations-compromissions-organisations/dp/2369990082;
Covid-19: La Grande Réinitialisation  ;Thierry Malleret et Klaus Schwab;https://www.amazon.com.be/Covid-19-Grande-Réinitialisation-Thierry-Malleret/dp/2940631131;
'Y a-t-il une erreur qu''ils n''ont pas commise ?: Covid-19 : l''union sacrée de l''incompétence et l''arrogance  ';Christian Perronne;https://www.amazon.com.be/erreur-quils-nont-commise-lincompétence/dp/2253078387;
'Vaccins contre la Covid-19 : L''impossible consentement: Rapport "Effets indésirables des vaccins contre la Covid-19 et système de pharmacovigilance ... suite à l''enquête demandée par le Sénat  ';Amine Umlil;https://www.amazon.com.be/Vaccins-contre-Covid-19-consentement-pharmacovigilance/dp/2322408301;
'covid 19 - Une autre vision de l''épidémie: Les vérités d''un épidémiologiste  ';laurent toubiana;https://www.amazon.com.be/covid-19-lépidémie-vérités-épidémiologiste/dp/2810011117;
COVID-19: The Great Reset  ;Klaus Schwab et Thierry Malleret;https://www.amazon.com.be/COVID-19-Great-Reset-Klaus-Schwab/dp/2940631123;
Carnets de guerre - Covid-19  ;Didier Raoult et Yanis Roussel;https://www.amazon.com.be/Carnets-guerre-Covid-19-Didier-Raoult/dp/2749946417;
'Covid long comment s''en sortir: 8 semaines de suivi - le programme réhab-covid du Dr Barizien: 31557  ';Marie-Pierre Samitier;https://www.amazon.com.be/Covid-long-comment-sen-sortir/dp/250116198X;
Le Débat interdit - Langage, covid et totalitarisme  ;Ariane Bilheran, Vincent Pavan, et al.;https://www.amazon.com.be/Débat-interdit-Langage-covid-totalitarisme/dp/2813226580;
Camera Shy  ;Kay Cove;https://www.amazon.com.be/Camera-Shy-Kay-Cove/dp/1961071010;
The Long Covid Handbook  ;Gez Medinger;https://www.amazon.com.be/Long-Covid-Handbook-Gez-Medinger/dp/1529900123;
Enquête sur un virus Covid 19: "Manipulations, vols, meurtres, influeneces et guerres médiatiques"  ;Philippe Aimar et Serbage Patrice;https://www.amazon.com.be/Enquête-sur-virus-Covid-Manipulations/dp/2369990058;
La vérité sur les vaccins: Tout ce que vous devez savoir pour faire le bon choix  ;Didier Raoult et Olivia Recasens;https://www.amazon.com.be/vérité-sur-vaccins-devez-savoir/dp/B092P76L4Z;
Qui aime bien vaccine peu !: Faire un choix adapté  ;Grpe Medical Reflexion Vaccins;https://www.amazon.com.be/Qui-aime-bien-vaccine-peu/dp/2889119440;
'Analyse scientifique de la toxicité des vaccins - A l''intention des familles et de leurs médecins  ';Michel de Lorgeril;https://www.amazon.com.be/Analyse-scientifique-toxicité-vaccins-lintention/dp/2360470787;
Les vaccins du nourrisson - Diphtérie - Tétanos - Poliomyélite  ;Michel de Lorgeril;https://www.amazon.com.be/vaccins-nourrisson-Diphtérie-Tétanos-Poliomyélite/dp/2360470795;
'L''inquiétante histoire des vaccins  ';Marc Menant;https://www.amazon.com.be/Linquiétante-histoire-vaccins-Marc-Menant/dp/2259311601;
'Vaccins: Comment s''y retrouver ?  ';Pr Henri Joyeux et Jean-Bernard Fourtillan;https://www.amazon.com.be/Vaccins-retrouver-Pr-Henri-Joyeux/dp/2268081567;
ANTIVAX - HISTOIRE DE LA RESISTANCE AUX VACCINS DU XVIIIE: La résistance aux vaccins du XVIIIe siècle à nos jours  ;Françoise SALVADORI et Laurent-Henri VIGNAUD;https://www.amazon.com.be/ANTIVAX-HISTOIRE-RESISTANCE-VACCINS-résistance/dp/2363583221;
Les vaccins du nourrisson - Méningites Bactériennes - Une analyse scientifique: Méningites bactériennes (Pneumocoques, Méningocoques et Haemophilus influenzae)  ;Michel de Lorgeril;https://www.amazon.com.be/vaccins-nourrisson-Bactériennes-scientifique-Méningocoques/dp/236047085X;
Big Pharma démasqué ! De la chloroquine aux vaccins, la face noire de notre système de santé: De la chloroquine aux vaccins, la crise du cornonavirus révèle la face noire de notre système de santé  ;Xavier Bazin et Eric Ménat;https://www.amazon.com.be/Pharma-démasqué-chloroquine-vaccins-système/dp/2813224499;
Vaccins - Oui ou Non ?: Pour la première fois, les analyses et les photos au microscope électronique de substances contenues dans les vaccins  ;Serge Rader, Antonietta Gatti, et al.;https://www.amazon.com.be/Vaccins-microscope-électronique-substances-contenues/dp/2377900038;
'Vaccins on nous aurait menti ? L''avis d''un avocat - Que cache l''hystérie covidique de l''année 2021 ?  ';Jean-Pierre Joseph;https://www.amazon.com.be/Vaccins-aurait-menti-Lavis-avocat/dp/2874611360;
'Introduction générale à la médecine des vaccins - A l''intention des familles et de leurs médecins  ';Michel de Lorgeril;https://www.amazon.com.be/Introduction-générale-médecine-vaccins-lintention/dp/2360470779;
Vaccins  ;Philippe Sansonetti;https://www.amazon.com.be/Vaccins-Philippe-Sansonetti/dp/2738135110;
'Les vaccins du nourrisson - Rougeole - Oreillons - Rubéole - Une analyse scientifique à l''intention des familles et de leurs médecins: Rougeole, ... - Réalité scientifique contre désinformation  ';Michel de Lorgeril;https://www.amazon.com.be/vaccins-nourrisson-scientifique-lintention-désinformation/dp/2360470868;
Les plans occultes du Nouvel Ordre Mondial: Projet MK Ultra, bases souterraines secrètes, rituels sataniques Illuminati et 11 septembre 2001  ;Fritz Springmeier;https://www.amazon.com.be/plans-occultes-Nouvel-Ordre-Mondial/dp/B0833Y569F;
'Le nouvel ordre mondial - si ce monde de paix est possible, comment l''atteindre et comment il devra être  ';Herbert George Wells, Pierre Hillard, et al.;https://www.amazon.com.be/nouvel-ordre-mondial-possible-latteindre/dp/2491861178;
Le livre des sociétés secrètes - Des Templiers au nouvel ordre mondial: Des Templiers au nouvel ordre mondial  ;John Michael Greer;https://www.amazon.com.be/livre-sociétés-secrètes-Templiers-mondial/dp/2100791907;
'La marche irrésistible du nouvel ordre mondial: L''échec de la tour de Babel n''est pas fatal  ';Pierre Hillard;https://www.amazon.com.be/marche-irrésistible-nouvel-ordre-mondial/dp/2755405546;
le grand Reset en marche: 2020 : An I du Nouvel Ordre Mondial  ;MARC GABRIEL DRAGHI;https://www.amazon.com.be/grand-Reset-marche-Nouvel-Mondial/dp/9938913334;
Walking Dead T30: Nouvel Ordre Mondial  ;Robert Kirkman, Charlie Adlard, et al.;https://www.amazon.com.be/Walking-Dead-T30-Nouvel-Mondial/dp/2756093513;
MONDIALISATION DE LA PAUVRETE ET NOUVEL ORDRE MONDIAL  ;Michel CHOSSUDOVSKY et Lise-Roy CASTONGUAY;https://www.amazon.com.be/MONDIALISATION-PAUVRETE-NOUVEL-ORDRE-MONDIAL/dp/2921561832;
'La Mécanique du Discours - Les rouages bien huilés d''une parole qui frappe les esprits  ';Éric Bah;https://www.amazon.com.be/Mécanique-Discours-rouages-huilés-esprits/dp/2354565151;
'Comment s''adapter a l''effondrement des nations ou comment survivre au nouvel ordre mondial  ';Terranova Marc;https://www.amazon.com.be/Comment-sadapter-leffondrement-nations-survivre/dp/1911417606;
Le Club de Rome: Le think tank du Nouvel Ordre Mondial  ;John Coleman;https://www.amazon.com.be/Club-Rome-think-Nouvel-Mondial/dp/1915278465;
'Les illuminati: L''histoire secrète du monde et le Nouvel Ordre Mondial  ';Geneviève Béduneau, Bernard Fontaine, et al.;https://www.amazon.com.be/illuminati-Lhistoire-secrète-Nouvel-Mondial/dp/229006890X;
Le Bassin Pacifique: Centre du nouvel ordre mondial  ;Jean-Louis Guibert et Daniel Haber;https://www.amazon.com.be/Bassin-Pacifique-Centre-nouvel-mondial/dp/2343138710;
Le Déluge. 1916-1931: Un nouvel ordre mondial: 130  ;Adam Tooze et Christine Rimoldy;https://www.amazon.com.be/Déluge-1916-1931-nouvel-ordre-mondial/dp/2251381309;
Ukraine février 2023: Les racines du conflit. Son impact sur les démocraties. Un nouvel ordre mondial?  ;Eugène BERG;https://www.amazon.com.be/Ukraine-février-2023-conflit-démocraties/dp/2377011497;
La Guerre des Monnaies: La Chine et le Nouvel Ordre Mondial: Nouvelle édition  ;Hongbing Song;https://www.amazon.com.be/Guerre-Monnaies-Mondial-Nouvelle-édition/dp/1913890082;
'Le Printemps Arabe, vecteur d''un nouvel ordre mondial imminent: Nouvelle théorie des relations internationales  ';Mahamadou TIADO;https://www.amazon.com.be/Printemps-vecteur-nouvel-mondial-imminent/dp/6139538912;
'The Xinjiang Emergency: Exploring the Causes and Consequences of China''s Mass Detention of Uyghurs  ';Clarke Michael Michael Clarke;https://www.amazon.com.be/Xinjiang-Emergency-Exploring-Consequences-Detention/dp/1526153114;
Eurasian Crossroads: A History of Xinjiang  ;James Millward;https://www.amazon.com.be/Eurasian-Crossroads-Xinjiang-James-Millward/dp/0231139241;
The Backstreets: A Novel from Xinjiang  ;Perhat Tursun et Darren Byler;https://www.amazon.com.be/Backstreets-Novel-Xinjiang-Perhat-Tursun/dp/0231202911;
Violence, Discourse, and Politics in China’s Uyghur Region: The Terroristization of Xinjiang  ;Pablo A. Rodríguez-Merino;https://www.amazon.com.be/Violence-Discourse-Politics-Chinas-Uyghur/dp/1032311037;
'Xinjiang: A Traveler''s Guide to Far West China  ';Josh Summers;https://www.amazon.com.be/Xinjiang-Travelers-Guide-West-China/dp/1732120420;
'Xinjiang: China''s Muslim Borderland  ';S. Frederick Starr;https://www.amazon.com.be/Xinjiang-Borderland-S-Frederick-Starr/dp/0765613182;
'Xinjiang: China''s Muslim Far Northwest  ';Michael Dillon;https://www.amazon.com.be/Xinjiang-Chinas-Muslim-Far-Northwest/dp/0415546311;
Xinjiang Year Zero  ;Darren Byler, Ivan Franceschini, et al.;https://www.amazon.com.be/Xinjiang-Year-Zero-Darren-Byler/dp/1760464945;
Xinjiang: les mille et une merveilles de la Route de la Soie  ;Sonia Bressler et La Route de la Soie Éditions;https://www.amazon.com.be/Xinjiang-mille-merveilles-Route-Soie/dp/B072KPPGZT;
Le Xinjiang: la Chine et les Ouïghours  ;Björn Alpermann;https://www.amazon.com.be/Xinjiang-Chine-Ouïghours-Björn-Alpermann/dp/3958261906;
The Struggles for Human Rights in Xinjiang  ;Roy Anthony Rogers;https://www.amazon.com.be/Struggles-Human-Rights-Xinjiang/dp/9670957168;
Xinjiang: China und die Uiguren  ;Björn Alpermann;https://www.amazon.com.be/Xinjiang-China-Uiguren-Björn-Alpermann/dp/3958261620;
Kleidung des 1. Jahrtausends v. Chr. in Xinjiang: Schnittentwicklung zwischen Funktionalität, Ästhetik und Kommunikation  ;Ulrike Beck;https://www.amazon.com.be/Kleidung-Jahrtausends-Chr-Xinjiang-Schnittentwicklung/dp/3795433770;
Oil and Water: Being Han in Xinjiang  ;Tom Cliff;https://www.amazon.com.be/Oil-Water-Being-Han-Xinjiang/dp/022636013X;
Xinjiang and the Chinese State: Violence in the Reform Era  ;Debasish Chaudhuri;https://www.amazon.com.be/Xinjiang-Chinese-State-Violence-Reform/dp/0367345110;
'Fear, Hope and Survival in Xinjiang: Uyghur Life in China''s Military Police State  ';Sam Tynen;https://www.amazon.com.be/Fear-Hope-Survival-Xinjiang-Military/dp/0755636023;
Les fantômes de Kiev  ;Cédric Bannel;https://www.amazon.com.be/fantômes-Kiev-Cédric-Bannel/dp/2374485587;
'Chronique de Nestor - Naissance de la Rus'' de Kiev  ';NESTOR et Jean-Pierre ARRIGNON;https://www.amazon.com.be/Chronique-Nestor-Naissance-Rus-Kiev/dp/B09ZHNZSXF;
'L''oreille de Kiev: AVRIL 1919  ';Andreï Kourkov et Paul Lequesne;https://www.amazon.com.be/Loreille-Kiev-AVRIL-Andreï-Kourkov/dp/B0B2QXNBLJ;
Kiev  ;Nello Scavo;https://www.amazon.com.be/Kiev-Nello-Scavo/dp/8811006694;
'Histoire des reines de France - Anne de Kiev: Une reine de France venue d''Ukraine  ';Philippe Delorme;https://www.amazon.com.be/Histoire-reines-France-reine-dUkraine/dp/2756414891;
Journal du premier ambassadeur de France à Kiev: 1990 -1993  ;Hugues Pernet;https://www.amazon.com.be/Journal-premier-ambassadeur-France-Kiev/dp/2080419951;
'Kiev 1941: Hitler''s Battle for Supremacy in the East  ';David Stahel;https://www.amazon.com.be/Kiev-1941-Hitlers-Battle-Supremacy/dp/1107610141;
'L''homme de Kiev  ';Bernard Malamud, Jonathan Safran foer, et al.;https://www.amazon.com.be/Lhomme-Kiev-Bernard-Malamud/dp/2743629649;
'Rendez-vous à Kiev/L''escalier d''Odessa: Suivi de L''escalier d''Odessa  ';Philippe Videlier;https://www.amazon.com.be/Rendez-vous-Kiev-Lescalier-dOdessa-Suivi/dp/207303540X;
La bambina di Kiev  ;Luca Crippa et Maurizio Onnis;https://www.amazon.com.be/bambina-Kiev-Luca-Crippa/dp/B09WZ4XFMF;
La Jeune Fille de Kiev  ;Erin Litteken et Agnès Jaubert;https://www.amazon.com.be/Jeune-Fille-Kiev-Erin-Litteken/dp/238122484X;
Kiev kaputt  ;Èduard Veniaminovic Limonov;https://www.amazon.com.be/Kiev-kaputt-Èduard-Veniaminovic-Limonov/dp/2358871478;
La petite fille de Kiev: Au coeur de la guerre en Ukraine, la bouleversante histoire d’Alisa, 10 ans, et de sa famille  ;Luca Crippa, Maurizio Onnis, et al.;https://www.amazon.com.be/petite-fille-Kiev-bouleversante-histoire/dp/2379353190;
Nueve días en el jardín de Kiev  ;Susana Vallejo;https://www.amazon.com.be/Nueve-días-jardín-Susana-Vallejo/dp/8401029635;
'L''orecchio di Kiev  ';Andrei Kurkov et Claudia Zonghetti;https://www.amazon.com.be/Lorecchio-Kiev-Andrei-Kurkov/dp/882971822X;
Femme non rééducable suivi de Bunker Kyiv: Suivi de Bunker Kiev  ;Stefano Massini, Pietro Pizzuti, et al.;https://www.amazon.com.be/Femme-rééducable-suivi-Bunker-Kyiv/dp/2381980555;
Le Livre noir de Vladimir Poutine  ;Galia Ackerman, Stéphane Courtois, et al.;https://www.amazon.com.be/Livre-noir-Vladimir-Poutine/dp/2221265386;
Poutine, maître du jeu ?: La Russie en 50 questions  ;Jacques Baud;https://www.amazon.com.be/Poutine-maître-jeu-Russie-questions/dp/2315010268;
Poutine par lui-même: Le temps des réformes 2000-2001  ;Vladimir POUTINE;https://www.amazon.com.be/Poutine-par-lui-même-réformes-2000-2001/dp/286553328X;
'Moi, Marat, ex-commandant de l''armée Wagner - Les dessous de l''armée secrète de Poutine enfin révélé: Au coeur de l''armée de Vladimir Poutine  ';Marat Gabidullin, Ksenia Bolchakova, et al.;https://www.amazon.com.be/Moi-Marat-ex-commandant-larmée-Wagner/dp/2749950287;
'L''Engrenage: Que veut Poutine ?  ';Sergueï Jirnov;https://www.amazon.com.be/LEngrenage-veut-Poutine-Sergueï-Jirnov/dp/2226476776;
'Les hommes de Poutine: Comment le KGB s''est emparé de la Russie avant de s''attaquer à l''Ouest  ';Catherine Belton;https://www.amazon.com.be/hommes-Poutine-Comment-emparé-sattaquer/dp/2378152582;
'POUTINE ET L''UKRAINE.: Les faces cachées  ';Vladimir Fedorovski;https://www.amazon.com.be/POUTINE-LUKRAINE-cachées-Vladimir-Fedorovski/dp/2940719217;
La Russie selon Poutine  ;Anna Politkovskaïa et Valérie Dariot;https://www.amazon.com.be/Russie-selon-Poutine-Anna-Politkovskaïa/dp/2070309924;
Poutine: 87 Recipes for Cooking and Loving the National Dish of Canada  ;Chef Pierre;https://www.amazon.com.be/Poutine-Recipes-Cooking-Loving-National/dp/B091DWW61S;
La Grande Confrontation - Comment Poutine fait la guerre à nos démocraties  ;Raphaël Glucksmann;https://www.amazon.com.be/Grande-Confrontation-Comment-Poutine-démocraties/dp/2370734531;
'Poutine ou l''obsession de la puissance  ';Françoise Thom;https://www.amazon.com.be/Poutine-lobsession-puissance-Françoise-Thom/dp/2268108031;
'Poutine, l''itineraire secret  ';Vladimir Fédorovski;https://www.amazon.com.be/Poutine-litineraire-secret-Vladimir-Fédorovski/dp/2268076199;
'La russie des Tsars - D''Ivan le Terrible à Vladimir Poutine  ';Collectif;https://www.amazon.com.be/russie-Tsars-Terrible-Vladimir-Poutine/dp/2262072221;
Dans la tête de Vladimir Poutine  ;Michel Eltchaninoff;https://www.amazon.com.be/Dans-Vladimir-Poutine-Michel-Eltchaninoff/dp/2330167725;
Quand Poutine se prend pour Staline: L’ombre de la Grande Guerre patriotique sur l’Ukraine  ;Pierre Rigoulot et Florence Grandsenne;https://www.amazon.com.be/Quand-Poutine-prend-pour-Staline/dp/2283037816;
Poutine, la stratégie du désordre jusqu’à la guerre  ;Isabelle Mandraud et Julien Théron;https://www.amazon.com.be/Poutine-stratégie-désordre-jusquà-guerre/dp/B09Z91BXVB;
'Amélioration du rendement de l''attaque-filtration d''acide phosphorique  ';Youness Kharchafi;https://www.amazon.com.be/Amélioration-rendement-lattaque-filtration-dacide-phosphorique/dp/6138424549;
Fabrication de cellules solaires à base de silicium polycristallin: Caractérisations optique, électrique et optoélectronique  ;Mohamed BEN RABHA et Brahim BESSAIS;https://www.amazon.com.be/Fabrication-cellules-solaires-silicium-polycristallin/dp/6131581088;
'Batman Superman World''s Finest - Tome 1  ';Waid Mark et Mora Dan;https://www.amazon.com.be/Batman-Superman-Worlds-Finest-1/dp/B0BHN7S675;
Cahier en Cuir Ancien - Petit Journal Relié en Cuir Fait À La Main Avec Du Papier À Bords Rugueux Authentique Dans Une Boîte Cadeau Souvenir - Idéal pour Écrire, Dessiner - 4X6" (10X15Cm) Seulement  ;;https://www.amazon.com.be/Cahier-Cuir-Ancien-Authentique-Seulement/dp/B07YSXC8YG;
'Effet de l''ensachage sur les propriétés physico-chimiques de la mangue cv. Alphonso  ';Nagaharshitha Devalla;https://www.amazon.com.be/lensachage-propriétés-physico-chimiques-mangue-Alphonso/dp/6205243563;
'Se soigner toute l''année au naturel: Conseils d''un médecin pour toute la famille  ';JC Charriée et Clermont-Tonnerre Marie-Laure De;https://www.amazon.com.be/Se-soigner-toute-lannée-naturel/dp/2810427917;
Syrie, la Révolution impossible  ;Firas Kontar;https://www.amazon.com.be/Syrie-Révolution-impossible-Firas-Kontar/dp/249283803X;
'L''homme sans nom  ';Jack Beaumont et Éric Betsch;https://www.amazon.com.be/Lhomme-sans-nom-Jack-Beaumont/dp/274994841X;
Les Passeurs de livres de Daraya: Une bibliothèque secrète en Syrie  ;Delphine Minoui;https://www.amazon.com.be/Passeurs-livres-Daraya-bibliothèque-secrète/dp/2021363023;
Éthique professionnelle et gestion des catastrophes - Un rapport  ;Dinesh Kumar;https://www.amazon.com.be/Éthique-professionnelle-gestion-catastrophes-rapport/dp/6203006157;
Lutte intégrée contre les insectes nuisibles dans la production commerciale de champignons: Sciarides et Phorides  ;Stephen Jess;https://www.amazon.com.be/intégrée-nuisibles-production-commerciale-champignons/dp/6203126772;
Lettre au recours chimique  ;Christophe Esnault;https://www.amazon.com.be/Lettre-recours-chimique-Christophe-Esnault/dp/2491517086;
Jardinage et ménage avec les huiles essentielles  ;Myriam Soulet;https://www.amazon.com.be/Jardinage-ménage-avec-huiles-essentielles/dp/2875521799;
Boomerangs: Comment la mise à mal de notre environnement met en danger la santé humaine  ;Pr Guillaume Decocq;https://www.amazon.com.be/Boomerangs-Comment-environnement-danger-humaine/dp/226810852X;
'Alimentation industrielle : les raisons d''un désastre sanitaire  ';Rémi THEVENOT;https://www.amazon.com.be/Alimentation-industrielle-raisons-désastre-sanitaire/dp/2383267600;
A votre santé  ;Blake Pierce;https://www.amazon.com.be/votre-santé-Blake-Pierce/dp/1640292209;
La (bonne) santé des enfants non vaccinés: Au-delà de la polémique !  ;Françoise Berthoud (Dr);https://www.amazon.com.be/bonne-santé-enfants-non-vaccinés/dp/2889536483;
Persuasion: Techniques interdites de Manipulation Mentale - Comment convaincre les gens, influencer leurs décisions et devenir un communicateur magnétique et irrésistible: 1  ;Robert Mercier;https://www.amazon.com.be/Persuasion-Techniques-Manipulation-communicateur-irrésistible/dp/B08DBVR6RL;
Under the Abaya  ;Elizabeth D Taylor;https://www.amazon.com.be/Under-Abaya-Elizabeth-D-Taylor/dp/1087975921;
'L''Equinozio degli Dèi. Liber ABA, Libro Quattro. Parte IV: Thelema - La Legge  ';Aleister Crowley, Hymenaeus Beta, et al.;https://www.amazon.com.be/LEquinozio-degli-Liber-Libro-Quattro/dp/8834018222;
Abaya: A Novel  ;Margaret Drake;https://www.amazon.com.be/Abaya-Novel-Margaret-Drake/dp/1952754240;
AUTISME ET A.B.A : UNE PEDAGOGIE DU PROGRES  ;Ron LEAF et John MCEACHIN;https://www.amazon.com.be/AUTISME-B-UNE-PEDAGOGIE-PROGRES/dp/2744071579;
'L''ABA in azione. Una guida operativa per insegnanti, terapisti e genitori  ';Giovanni Maria Guazzo et Christos K. Nikopoulos;https://www.amazon.com.be/azione-operativa-insegnanti-terapisti-genitori/dp/8867095692;
Magick. Liber ABA. Libro quattro. Parti I-III  ;Aleister Crowley, Hymenaeus Beta, et al.;https://www.amazon.com.be/Magick-Liber-Libro-quattro-Parti/dp/8834017978;
ABA Parent Education and Training  ;Aba Parent Education;https://www.amazon.com.be/ABA-Parent-Education-Training-Aba/dp/B08P44P982;
Manuale ABA-VB. Applied behavior analysis and verbal behavior. Fondamenti, tecniche e programmi di intervento  ;;https://www.amazon.com.be/behavior-behavior-Fondamenti-programmi-intervento/dp/885900473X;
El Lenguaje Visual de ABA  ;Makoto Shibutani et Javier Virues-Ortega;https://www.amazon.com.be/Lenguaje-Visual-ABA-Makoto-Shibutani/dp/840938812X;
'Les techniques d''apprentissage du comportement verbal: Enseignement de la communication et du langage par les techniques d ela méthode ABA aux enfants atteints des troubles du syndrome autistique  ';Lynch Barbera;https://www.amazon.com.be/techniques-dapprentissage-comportement-verbal-communication/dp/2917150106;
Principios ABA para Técnicos de Conducta  ;Michele Wallace, G Roy Mayers, et al.;https://www.amazon.com.be/Principios-ABA-para-Técnicos-Conducta/dp/8409347539;
'L''ABA à l''école  ';Pauline Godart et Yannick Robert;https://www.amazon.com.be/LABA-à-lécole-Pauline-Godart/dp/2955803715;
ABA Mini-Manual: Level Two: Beyond the basics: 2  ;Alan Schnee Bcba-D;https://www.amazon.com.be/ABA-Mini-Manual-Level-Beyond-basics/dp/B0C1JK6M9B;
Understanding Applied Behavior Analysis, Second Edition: An Introduction to ABA for Parents, Teachers, and Other Professionals  ;Albert J Kearney;https://www.amazon.com.be/Understanding-Applied-Behavior-Analysis-Second/dp/1849057850;
Manuale ABA tecnici comportamentali. Strumenti operativi  ;Alessandro Frolli;https://www.amazon.com.be/Manuale-tecnici-comportamentali-Strumenti-operativi/dp/B0B4HJSN2G;
'Intervention comportementale clinique: Se former à l''ABA  ';Ghislain Magerotte, Eric Willaye, et al.;https://www.amazon.com.be/Intervention-comportementale-clinique-former-lABA/dp/2804117715;
'L''invasion de l''Europe, les chiffres du grand remplacement  ';Jean-Yves Le GallouPolémia;https://www.amazon.com.be/Linvasion-lEurope-chiffres-grand-remplacement/dp/2372711709;
le grand remplacement  ;mohammed beloud;https://www.amazon.com.be/grand-remplacement-mohammed-beloud/dp/B08S2Y9CTC;
Le Grand Remplacement  ;Jacpé;https://www.amazon.com.be/Grand-Remplacement-Jacpé/dp/B0C6T578CJ;
'Il n''y a pas de grand remplacement  ';Hervé Le Bras;https://www.amazon.com.be/ny-pas-grand-remplacement/dp/2246831040;
Les déclinistes - Ou le délire du « grand remplacement »  ;Alain Roy;https://www.amazon.com.be/déclinistes-Ou-délire-grand-remplacement/dp/289719927X;
Les grands remplacés  ;Paul Conge;https://www.amazon.com.be/grands-remplacés-Paul-Conge/dp/2918682543;
'Journal d''un Remplacé: A l''usage des esclaves des grand et petit remplacements  ';Grégory Roose;https://www.amazon.com.be/Journal-dun-Remplacé-esclaves-remplacements/dp/B09PHJS351;
LA TENTATION ZEMMOUR et le Grand Remplacement  ;Jean-Paul Gourévitch;https://www.amazon.com.be/TENTATION-ZEMMOUR-Grand-Remplacement/dp/236392469X;
'Sociologie de l''avortement  ';Marie Mathieu et Laurine Thizy;https://www.amazon.com.be/Sociologie-lavortement-Marie-Mathieu/dp/2348074990;
Avortement  ;Lizzie Ling, Vaughan Roberts, et al.;https://www.amazon.com.be/Avortement-Lizzie-Ling/dp/2358431435;
Le traumatisme post-avortement  ;Florence AllardJean-Régis Fropo;https://www.amazon.com.be/traumatisme-post-avortement-Florence-Allard/dp/2706705043;
'L''Avortement et le Lien maternel : Une autre écoute de l''interruption volontaire de grossesse  ';Isabelle Tamian-KunégelDr Jean Reboul;https://www.amazon.com.be/LAvortement-Lien-maternel-linterruption-volontaire/dp/2850084484;
'L''Avortement  ';Richard Brautigan;https://www.amazon.com.be/LAvortement-Richard-Brautigan/dp/2757865757;
FACE A L AVORTEMENT  ;Gaëlle de Decker;https://www.amazon.com.be/FACE-L-AVORTEMENT-Gaëlle-Decker/dp/B018HONFIO;
'Plaidoirie pour l''avortement  ';Gisèle Halimi;https://www.amazon.com.be/Plaidoirie-pour-lavortement-Gisèle-Halimi/dp/2073025080;
Avorter, un droit en danger ? / Collection ALT  ;Ghada Hatem;https://www.amazon.com.be/Avorter-droit-danger-Collection-ALT/dp/B0BHN662YM;
'Une défense de l''avortement  ';Judith Jarvis thomson, Louise Cabannes, et al.;https://www.amazon.com.be/défense-lavortement-Judith-Jarvis-thomson/dp/2228932841;
La philosophie pour la vie  ;Stéphane Mercier;https://www.amazon.com.be/philosophie-pour-vie-Stéphane-Mercier/dp/2930788216;
'Penser l''avortement  ';Nathan Nobis et Kristina Grob;https://www.amazon.com.be/Penser-lavortement-Nathan-Nobis/dp/2493117190;
Maternité blessée: Guérison et renaissance du lien mère-enfant après un avortement  ;Pascale Pissochet et Etienne Thévenin;https://www.amazon.com.be/Maternité-blessée-renaissance-mère-enfant-avortement/dp/2740324650;
'Les Nouveaux Inquisiteurs: L''enquête d''une infiltrée en terres wokes  ';Nora Bussigny;https://www.amazon.com.be/sspa/click?ie=UTF8&spc=MTo3NDI5NzA2NDU5OTQ1NjEyOjE2OTM5MjkyNDQ6c3BfYXRmOjMwMDA0NDQxOTg1MTczMjo6MDo6&url=/Nouveaux-Inquisiteurs-Lenqu%C3%AAte-infiltr%C3%A9e-terres/dp/2226476954/ref=sr_1_1_sspa?keywords=wokisme&qid=1693929244&s=books&sr=1-1-spons&sp_csd=d2lkZ2V0TmFtZT1zcF9hdGY&psc=1;
Le Wokisme serait-il un totalitarisme ?  ;Nathalie Heinich;https://www.amazon.com.be/Wokisme-serait-totalitarisme-Nathalie-Heinich-ebook/dp/B0C3KPQVD5;
La religion woke  ;Jean-François Braunstein;https://www.amazon.com.be/religion-woke-Jean-François-Braunstein/dp/2246830311;
Les nouveaux virus de la pensée: Wokisme, cancel culture, racialisme... et autres idéologies qui tuent le bon sens  ;Gad Saad;https://www.amazon.com.be/nouveaux-virus-pensée-racialisme-idéologies/dp/2364052114;
Wokisme: La France sera-t-elle contaminée ?  ;Anne Toulouse;https://www.amazon.com.be/Wokisme-sera-t-elle-contaminée-Anne-Toulouse/dp/2268106993;
De la déconstruction au wokisme: la science menacée  ;Marcel Kuntz;https://www.amazon.com.be/déconstruction-wokisme-science-menacée/dp/2360932756;
Les deux universités - Postmodernisme, néo-féminisme, wokisme et autres doctrines contre la science  ;Robert Leroux;https://www.amazon.com.be/deux-universités-Postmodernisme-néo-féminisme-doctrines/dp/2204148199;
Revue des Deux Mondes Juillet-Août 2023 - Le bêtisier du wokisme: Perles et analyses  ;Ouvrage collectif;https://www.amazon.com.be/Revue-Deux-Mondes-Juillet-Août-2023/dp/235650284X;
Donbass  ;Benoît Vitkine;https://www.amazon.com.be/Donbass-Benoît-Vitkine/dp/2253079456;
Donbass : un journaliste en camp raconte  ;Stanislav Asseyev;https://www.amazon.com.be/gp/offer-listing/2350307808;
Opération Z  ;Jacques Baud;https://www.amazon.com.be/Opération-Z-Jacques-Baud/dp/2315010373;
Donbass mon amour, Donbass ma souffrance  ;Faina Savenkova;https://www.amazon.com.be/Donbass-mon-amour-souffrance/dp/2377900542;
Donbass stories. Otto anni di guerra civile in Ucraina, da Maidan ai giorni nostri. Ediz. illustrata  ;Giorgio Bianchi;https://www.amazon.com.be/Donbass-stories-Ucraina-nostri-illustrata/dp/885519688X;
American Predator  ;Maureen CallahanCorinne Daniellot;https://www.amazon.com.be/American-Predator-Maureen-Callahan/dp/2264080086;
The Covid Consensus: The Global Assault on Democracy and the Poor?a Critique from the Left  ;Toby Green et Thomas Fazi;https://www.amazon.com.be/Covid-Consensus-Assault-Democracy-Critique/dp/1787388417;
'Histoire de l''avortement (XIXe-XXe siècle)  ';Jean-Yves Le Naour et Catherine Valenti;https://www.amazon.com.be/Histoire-lavortement-XIXe-XXe-siècle-Jean-Yves/dp/202054136X;
'La Manipulation psychologique: Les techniques interdites susceptibles de manipuler, persuader, contrôler mentalement, et comment s''en protéger  ';Emory Green;https://www.amazon.com.be/Manipulation-psychologique-techniques-susceptibles-mentalement/dp/1958166162;
'La révolution conservatrice aux Etats-Unis - De l''avortement: De l''avortement au droit de vote, la démocratie pervertie  ';Ludivine GILLI;https://www.amazon.com.be/révolution-conservatrice-aux-Etats-Unis-lavortement/dp/2815951363;
Avortée: Une histoire intime de l´IVG  ;Pauline Harmange;https://www.amazon.com.be/Avortée-Une-histoire-intime-l´IVG/dp/2492312038;
Interruption  ;Sandra Vizzavona;https://www.amazon.com.be/Interruption-Sandra-Vizzavona/dp/2253078336;
Donbass. Le mie cronache di guerra  ;Vittorio Nicola Rangeloni;https://www.amazon.com.be/Donbass-cronache-guerra-Vittorio-Rangeloni/dp/8899564795;
La route du donbass (0000)  ;Serhiy Jadan;https://www.amazon.com.be/route-du-donbass-Serhiy-Jadan/dp/2882503245;
'Donbass, la guerra fantasma nel cuore d''Europa  ';Sara Reginella;https://www.amazon.com.be/Donbass-guerra-fantasma-cuore-dEuropa/dp/8831461230;
Die Erfindung des Jazz im Donbass: Roman  ;Serhij Zhadan, Juri Durkot, et al.;https://www.amazon.com.be/Die-Erfindung-Jazz-Donbass-Roman/dp/3518423355;
I fantasmi del Donbass  ;Benoit Vitkine et Gaia Cangioli;https://www.amazon.com.be/fantasmi-del-Donbass-Benoit-Vitkine/dp/8856686562;
Ucraina, Donbass. I crimini di guerra della Giunta di Kiev  ;Enrico Vigna;https://www.amazon.com.be/Ucraina-Donbass-crimini-guerra-Giunta/dp/8898582145;
Grauzone: Eine Reise zwischen den Fronten im Donbass  ;Florian Rainer et Jutta Sommerbauer;https://www.amazon.com.be/Grauzone-Reise-zwischen-Fronten-Donbass/dp/3903022837;
Ucrania. De la Revolución del Maidán a la Guerra del Donbass: 7  ;Rubén Ruiz Ramas;https://www.amazon.com.be/Ucrania-Revolución-Maidán-Guerra-Donbass/dp/8415544790;
Battaglia per il Donbass  ;Alessandro Lattanzio, Filippo Bovo, et al.;https://www.amazon.com.be/Battaglia-Donbass-Alessandro-Lattanzio/dp/8898444176;
Piovono bombe. Una settimana in Donbass  ;David Cacchione;https://www.amazon.com.be/Piovono-bombe-Una-settimana-Donbass/dp/8867183559;
Donbass. I neri fili della memoria rimossa  ;Silvio Marconi;https://www.amazon.com.be/Donbass-neri-della-memoria-rimossa/dp/8864022775;
'Le grand reset n''aura pas lieu  ';Roland Hureaux;https://www.amazon.com.be/grand-reset-naura-pas-lieu/dp/2140291603;
Le great reset - mythes et réalités: Suivi du dictionnaire critique du Great Reset  ;Éric Verhaeghe;https://www.amazon.com.be/great-reset-réalités-dictionnaire-critique/dp/2491861194;
Golpe globale. Capitalismo terapeutico e grande reset  ;Diego Fusaro;https://www.amazon.com.be/Golpe-globale-Capitalismo-terapeutico-grande/dp/8856682427;
La Chiesa sinodale. Malintesi e pericoli di un «grande reset» ecclesiastico  ;Nicola Bux et Guido Vignelli;https://www.amazon.com.be/sinodale-Malintesi-pericoli-«grande-ecclesiastico/dp/B0BG151JB8;
La tyrannie du divertissement: Ne laissez pas les loisirs gâcher votre vie et celle de vos enfants  ;Olivier Babeau;https://www.amazon.com.be/tyrannie-divertissement-laissez-loisirs-enfants/dp/2283035880;
Gli oligarchi di Davos. Dal Covid-19 al Grande Reset: come le élite strumentalizzano le crisi per creare un governo mondiale  ;Enrica Perucchietti;https://www.amazon.com.be/oligarchi-Davos-Covid-19-Grande-Reset/dp/B0BW2KMB66;
Press Reset: Ruin and Recovery in the Video Game Industry  ;Jason Schreier;https://www.amazon.com.be/Press-Reset-Recovery-Video-Industry/dp/1538735490;
Il Grande Reset 2021 Scoperto: Crisi Alimentare, Collasso Economico e Carenza di Energia;' NWO - Costruire Indietro Meglio e l''Accordo Verde  ';Rebel Press Media;https://www.amazon.com.be/Grande-Reset-2021-Scoperto-Alimentare/dp/9492916290
Il Grande Reset di Klaus Schwab: Il manifesto gnostico della rivoluzione verde  ;Vincenzo Pinto;https://www.amazon.com.be/Grande-Reset-Klaus-Schwab-rivoluzione/dp/B09QFDB6N2;
Goodbye globalism! Le origini sociopolitiche del «Grande Reset» (Vol. 1)  ;Paolo Borgognone;https://www.amazon.com.be/Goodbye-globalism-origini-sociopolitiche-«Grande/dp/8884746280;
Le Génocide silencieux: Great Reset - Transhumanisme: 3  ;Christian Rouas;https://www.amazon.com.be/Génocide-silencieux-Great-Reset-Transhumanisme/dp/B097X7M866;
Cerebrum: Il Grande Reset  ;Antony Harris;https://www.amazon.com.be/Cerebrum-Grande-Reset-Antony-Harris/dp/B0BPGC7C98;
Oltre il grande reset. Verso una ecologia edenica  ;Gaëtan M. N. Cantale-Miège et Mauro Ghilardini;https://www.amazon.com.be/Oltre-grande-reset-ecologia-edenica/dp/8897328210;
Contre les élections  ;David Van reybrouck, Philippe Noble, et al.;https://www.amazon.com.be/Contre-élections-David-Van-reybrouck/dp/2330028202;
Against Elections: The Case for Democracy  ;David Van Reybrouck;https://www.amazon.com.be/gp/offer-listing/1847924220;
The British General Election of 2019  ;Robert Ford, Tim Bale, et al.;https://www.amazon.com.be/British-General-Election-2019/dp/3030742563;
101 Ways to Win An Election  ;Edward Maxfield;https://www.amazon.com.be/101-Ways-Election-Edward-Maxfield/dp/1785906895;
How to Win an Election: An Ancient Guide for Modern Politicians  ;Quintus Tullius Cicero et Philip Freeman;https://www.amazon.com.be/How-Win-Election-Ancient-Politicians/dp/0691154082;
Les différentes élections en France: Pour comprendre le fonctionnement des élections en France - Panorama des conditions pour être candidats, des différents suffrages  ;Aline Gonzalez;https://www.amazon.com.be/différentes-élections-France-comprendre-fonctionnement/dp/2297090854;
'Election Notebook: The Inside Story Of The Battle Over Britain''s Future And My Personal Battle To Report It  ';Nick Robinson;https://www.amazon.com.be/Election-Notebook-Inside-Britains-Personal/dp/0593075188;
Démobilisation électorale dans la France urbaine: Les élections municipales de 2020  ;Rémi Lefebvre et Sébastien Vignon;https://www.amazon.com.be/Démobilisation-électorale-dans-France-urbaine/dp/2753588600;
'Le vote clivé: Les élections présidentielle et législatives d''avril et juin 2022  ';Pascal PERRINEAU et Perrineau pascal;https://www.amazon.com.be/vote-clivé-élections-présidentielle-législatives/dp/2706152974;
Practicing Democracy: Elections and Political Culture in Imperial Germany  ;Margaret Lavinia Anderson;https://www.amazon.com.be/Practicing-Democracy-Elections-Political-Imperial/dp/0691048541;
Deadly Election: A Flavia Albia Novel  ;Lindsey Davis;https://www.amazon.com.be/Deadly-Election-Flavia-Albia-Novel/dp/1444794183;
Oola En avant les élections !: La pauvreté expliquée par Esther Duflo  ;Esther Duflo et Cheyenne Olivier;https://www.amazon.com.be/Oola-En-avant-élections-expliquée/dp/B09XDD8QTT;
Une proportionnelle en trompe-l’œil: Enseignements des élections législatives de juin 2022  ;Sébastien Roy et Emeric BREHIER;https://www.amazon.com.be/Une-proportionnelle-trompe-lœil-Enseignements-législatives/dp/235687903X;
Election  ;Tom Perrotta;https://www.amazon.com.be/Election-Tom-Perrotta/dp/000726240X;
Les élections  ;Sylvie Baussier et Maud Riemann;https://www.amazon.com.be/élections-Sylvie-Baussier/dp/2092495534;
Why Bother With Elections?  ;Adam Przeworski;https://www.amazon.com.be/Why-Bother-Elections-Adam-Przeworski/dp/1509526609;
Le Changement climatique expliqué à ma fille (Nouvelle édition augmentée)  ;Jean-Marc Jancovici;https://www.amazon.com.be/Changement-climatique-expliqué-Nouvelle-augmentée/dp/2021365743;
Le climat par les chiffres: Sortir de la science-fiction du GIEC  ;Christian Gerondeau;https://www.amazon.com.be/climat-par-chiffres-Sortir-science-fiction/dp/2810011648;
Tout comprendre (ou presque) sur le climat  ;Anne Bres, Claire Marc, et al.;https://www.amazon.com.be/Tout-comprendre-presque-sur-climat/dp/2271139775;
'climat, la part d''incertitude  ';Steven Koonin;https://www.amazon.com.be/climat-part-dincertitude-Steven-Koonin/dp/2810011370;
'Le potager du paresseux frappé par le changement climatique: S''adapter et saisir les opportunités  ';Didier Helmstetter;https://www.amazon.com.be/potager-paresseux-frappé-changement-climatique/dp/B09NN64ZSN;
Le changement climatique en BD  ;Grady Klein et Yoram Bauman;https://www.amazon.com.be/changement-climatique-en-BD/dp/2212562446;
'Le monde change et on n''y comprend rien!: Climat, technologie, économie, société... Une enquête indispensable pour enfin y voir plus clair  ';Julien Devaureix;https://www.amazon.com.be/monde-change-comprend-rien-indispensable/dp/2412081344;
Les Révoltes du ciel: Une histoire du changement climatique XVe-XXe siècle  ;Jean-Baptiste Fressoz et Fabien Locher;https://www.amazon.com.be/Révoltes-ciel-histoire-changement-climatique/dp/2757896903;
Le changement climatique en 101 infographies  ;Professeur F.Berkhout, C. Gifford, et al.;https://www.amazon.com.be/changement-climatique-101-infographies/dp/2036024653;
Le changement climatique  ;Mark Maslin et Alan Rodney;https://www.amazon.com.be/changement-climatique-Mark-Maslin/dp/2759826880;
Tout peut changer: Capitalisme et changement climatique  ;Naomi Klein, Nicolas Calve, et al.;https://www.amazon.com.be/Tout-peut-changer-Capitalisme-changement/dp/233007039X;
Le changement climatique - un péril commun: Réconcilier action climatique et justice sociale  ;Charlotte Demonsant, Armand Hatchuel, et al.;https://www.amazon.com.be/changement-climatique-Réconcilier-justice-sociale/dp/2385420066;
'Ce qu''on ne vous dit pas sur le changement climatique  ';Gilles Brien;https://www.amazon.com.be/quon-vous-dit-changement-climatique/dp/2761949757;
LE CHANGEMENT CLIMATIQUE, MYTHES, REALITES ETINCERTITUDES (0000)  ;Pier Vellinga et Anne Lowyck;https://www.amazon.com.be/CHANGEMENT-CLIMATIQUE-MYTHES-REALITES-ETINCERTITUDES/dp/2800415355;
Deux degrés - Les sociétés face au changement climatique  ;Edwin ZACCAI;https://www.amazon.com.be/Deux-degrés-sociétés-changement-climatique/dp/2724624408;
'Après le changement climatique, penser l''histoire  ';Dipesh Chakrabarty, François Hartog, et al.;https://www.amazon.com.be/Après-changement-climatique-penser-lhistoire/dp/2072980623;
COVID-19 and the Global Predators: We Are the Prey  ;Peter Roger Breggin et Ginger Ross Breggin;https://www.amazon.com.be/COVID-19-Global-Predators-Are-Prey/dp/0982456069;
'Le Courage de la dissidence: L''esprit français contre le wokisme  ';Levet berenice;https://www.amazon.com.be/Courage-dissidence-Lesprit-français-wokisme/dp/B0B62QX3JT;
Faut-il avoir peur du wokisme ?: Comprendre la philosophie woke  ;Romuald Sciora;https://www.amazon.com.be/Faut-avoir-peur-wokisme-philosophie/dp/2200637799;
'Cancel !: De la culture de la censure à l''effacement de la culture  ';Hubert Heckmann;https://www.amazon.com.be/Cancel-culture-censure-à-leffacement/dp/2369563141;
'Le Jour d''après  ';Philippe de Villiers;https://www.amazon.com.be/Jour-daprès-Philippe-Villiers/dp/222646199X;
La grande déraison: Race, genre, identité  ;Douglas Murray;https://www.amazon.com.be/grande-déraison-Race-genre-identité/dp/2810009880;
Tout doit disparaître: Cancel Culture, Wokisme et autres nihilismes contemporains  ;Nicolas De Pape;https://www.amazon.com.be/Tout-doit-disparaître-nihilismes-contemporains/dp/2414546654;
'L''Empire du bien  ';Philippe Muray;https://www.amazon.com.be/LEmpire-du-bien-Philippe-Muray/dp/2262080771;
Racée  ;Rachel Khan;https://www.amazon.com.be/Racée-Rachel-Khan/dp/2383880434;
'L''empire du politiquement correct: Essai sur la respectabilité politico-médiatique  ';Mathieu Bock-Cote;https://www.amazon.com.be/Lempire-politiquement-correct-respectabilité-politico-médiatique/dp/2204141844;
Vaccins Covid: 159 témoignages sur leurs effets réels  ;Lucia CanoviAdeline Aragon, et al.;https://www.amazon.com.be/Vaccins-Covid-témoignages-leurs-effets/dp/B09GJGF9JK;
'Autopsie d''un désastre - Mensonge et corruption autour du Covid  ';Jean-Dominique Michel;https://www.amazon.com.be/Autopsie-dun-désastre-Mensonge-corruption/dp/2874342092;
Antivax toi-même ! - Retrouvons un esprit critique sur la vaccination  ;Xavier BazinMichel de Lorgeril;https://www.amazon.com.be/Antivax-toi-même-Retrouvons-critique-vaccination/dp/2813228052;
'Dis, c''est quoi le changement climatique ?  ';David West et Oliver West;https://www.amazon.com.be/Dis-cest-quoi-changement-climatique/dp/2603028332;
DANS LA GUEULE DE LA BETE DE L’APOCALYPSE: DU GRAND VACCIN AU NOUVEL ORDRE MONDIAL  ;Nicolas Bonnal;https://www.amazon.com.be/DANS-GUEULE-BETE-LAPOCALYPSE-MONDIAL/dp/B09NR9QGLX;
'NOUVEL ORDRE MONDIAL - Utopia: L''annonce du nouveau monde  ';Thomas More, Victor Stouvenel, et al.;https://www.amazon.com.be/NOUVEL-ORDRE-MONDIAL-Lannonce-nouveau/dp/B09QP2GWXT;
Into Xinjiang  ;Ben Colbridge;https://www.amazon.com.be/Into-Xinjiang-Ben-Colbridge/dp/1803136553;
'L''Afrique en route vers un nouvel ordre mondial: Souvenez-vous de votre passé !  ';John Chakanga Mupala;https://www.amazon.com.be/LAfrique-route-nouvel-ordre-mondial/dp/6206350355;
The Climate Book: Greta Thunberg  ;Thunberg  Greta;https://www.amazon.com.be/Climate-Book-Greta-Thunberg/dp/0241547474;
Les vaccins, sont-ils une illusion ?: La vaccination compromet le système immunitaire. Que faire pour recouvrer la santé  ;Tetyana Obukhanych;https://www.amazon.com.be/vaccins-sont-ils-une-illusion-immunitaire/dp/8828517204;
'Les vertus de l''échec  ';Charles Pépin;https://www.amazon.com.be/gp/bestsellers/books/27884063031;
'Dal Grande Reset al Green Reset: La transizione ecologica e la deriva dell''Occidente (Italian Edition)  ';;https://www.amazon.com.be/Dal-Grande-Reset-Green-dellOccidente/dp/B0C47LZNQR;
Une histoire du conflit politique. Elections et inégalités sociales en France, 1789-2022: Elections et inégalités sociales en France, 1789-2022  ;Julia Cagé et Thomas Piketty;https://www.amazon.com.be/histoire-politique-Elections-inégalités-1789-2022/dp/2021454541;
Géomimétisme - Réguler le changement climatique grâce à la nature  ;Pierre Gilbert et Gaël Giraud;https://www.amazon.com.be/Géomimétisme-Réguler-changement-climatique-nature/dp/2363832779;
'Virus Mania - Corona/COVID-19, rougeole, grippe porcine, grippe aviaire, cancer du col de l''utérus, SARS, ESB: Comment l''industrie médicale invente ... milliars de dollars de bénéfices à nos dépens  ';Torsten Engelbrecht, Claus Köhnlein, et al.;https://www.amazon.com.be/Virus-Mania-COVID-19-lindustrie-bénéfices/dp/2874341835;
'Reset. L''ultima grande pandemia  ';Alessio Fortunati;https://www.amazon.com.be/Reset-Lultima-pandemia-Alessio-Fortunati/dp/8830660051;
IL GRANDE RESET: Dalla pandemia alla nuova normalit√† (Italian Edition)  ;;https://www.amazon.com.be/GRANDE-RESET-pandemia-normalit√†-Italian/dp/B08Q6DHML1;
The British General Election of 2005  ;David Butler;https://www.amazon.com.be/British-General-Election-2005/dp/1403944261;
Elon Musk: by Walter Isaacson  ;Isaacson  Walter;https://www.amazon.com.be/gp/bestsellers/books/27882904031;
Putain de Covid  ;'L''interne de garde et Védécé';https://www.amazon.com.be/Putain-Covid-Linterne-garde/dp/2016284102;
Covid-19: The Fraud Continues  ;Vernon Coleman;https://www.amazon.com.be/Covid-19-Fraud-Continues-Vernon-Coleman/dp/879398765X;
'Des tortues jusqu''en bas - Vaccins - Science et Mythe  ';Anonyme;https://www.amazon.com.be/tortues-jusquen-bas-Vaccins-Science/dp/2874342076;
Donbass  ;Benoît Vitkine;https://www.amazon.com.be/Donbass-Benoît-Vitkine/dp/B07YTDXGM2;
'Il Grande Reset - The Great Reset: Global Elites Socialist Plan Revealed They Call it the Great Reset - Il Grande Reset: che cos''è veramente e le fake news  ';Remo Pulcini;https://www.amazon.com.be/Grande-Reset-Socialist-Revealed-veramente/dp/B08RRKNKQT;
Campaign Strategies For Political Success: The Art of Winning Political Election in Nigeria and Around the World  ;Godson O Azu;https://www.amazon.com.be/Campaign-Strategies-Political-Success-Election/dp/1492212903;
Sidérations  ;Richard Powers et Serge Chauvin;https://www.amazon.com.be/Sidérations-Richard-Powers/dp/2264079908;
'Le grand remplacement ou la politique du mythe: Généalogie d''une représentation polémique  ';Taguieff pierre-andre;https://www.amazon.com.be/grand-remplacement-fil-siècles/dp/B09WH98THD;
'L''entreprise face aux revendications identitaires: Des réponses au wokisme  ';Brice Couturier et Erell Thevenon-Poullennec;https://www.amazon.com.be/Lentreprise-face-aux-revendications-identitaires/dp/2130850065;
'Conclave 1559: Ippolito d''Este and the Papal Election of 1559  ';Mary Hollingsworth;https://www.amazon.com.be/Conclave-1559-Ippolito-dEste-Election/dp/1800244746;
Les vaccins contre la grippe - Illusions et désinformations  ;Michel de Lorgeril;https://www.amazon.com.be/vaccins-contre-grippe-Illusions-désinformations/dp/2360470876;
Se relever après un avortement: Moi non plus, je ne te condamne pas...  ;Laurent SPRIET;https://www.amazon.com.be/Se-relever-après-avortement-condamne/dp/2366130864;
La Révolution racialiste et autres virus idéologiques  ;Mathieu Bock-Cote;https://www.amazon.com.be/Révolution-racialiste-autres-virus-idéologiques/dp/2258196094;
'La Panique woke: Anatomie d''une offensive réactionnaire  ';Alex Mahoudeau;https://www.amazon.com.be/Panique-woke-Anatomie-offensive-réactionnaire/dp/2845979002;
En finir avec le wokisme - Chronique de la contre-offensive anglo-saxonne  ;Sylvie Perez;https://www.amazon.com.be/finir-avec-wokisme-contre-offensive-anglo-saxonne/dp/2204133833;
Workers of the Donbass Speak: Survival and Identity in the New Ukraine, 1989-1992  ;Lewis H Siegelbaum et Daniel J Walkowitz;https://www.amazon.com.be/Workers-Donbass-Speak-Survival-1989-1992/dp/0791424863;
LE GRAND RESET ET LA GUERRE DU VACCIN (French Edition)  ;;https://www.amazon.com.be/GRAND-RESET-GUERRE-VACCIN-French/dp/B099TPX86L;
The Cultures of Ancient Xinjiang, Western China: Crossroads of the Silk Roads  ;Alison Betts, Marika Vicziany, et al.;https://www.amazon.com.be/Cultures-Ancient-Xinjiang-Western-China/dp/178969406X;
'The War on the Uyghurs: China''s Campaign Against Xinjiang''s Muslims  ';Sean R. Roberts et Ben Emmerson;https://www.amazon.com.be/War-Uyghurs-Campaign-Against-Xinjiangs/dp/1526160609;
Democracy for Realists: Why Elections Do Not Produce Responsive Government: 4  ;Christopher H Achen et Larry M Bartels;https://www.amazon.com.be/Democracy-Realists-Elections-Responsive-Government/dp/0691178240;
The Babylon Bee Guide to Democracy: How to Flawlessly Rig Elections, Bribe Any Politician, and Crush Your Political Enemies for Good  ;Babylon Bee;https://www.amazon.com.be/Babylon-Bee-Guide-Democracy-Flawlessly/dp/1684513723;
Double Disillusion: The 2016 Australian Federal Election  ;Anika Gauja, Peter Chen, et al.;https://www.amazon.com.be/Double-Disillusion-Australian-Federal-Election/dp/1760461857;
Healing The Feminine Energy: & The Wounds Of Your Inner Child: 1  ;Reemus Bailey;https://www.amazon.com.be/Healing-Feminine-Energy-Wounds-Inner/dp/B0BT8TMHYX;
Féminin  ;Claire Touzard;https://www.amazon.com.be/Féminin-Claire-Touzard/dp/2080265776;
Se libérer de sa lignée et guérir son féminin: Les 39 clés de transformation  ;Bernard Chaumeil;https://www.amazon.com.be/libérer-lignée-guérir-féminin-transformation/dp/2815317915;
La Condition féminine - Classiques et Contemporains  ;Myriam Zaber et Collectif;https://www.amazon.com.be/Condition-féminine-Classiques-Contemporains/dp/2210762626;
The Feminine Mystique: Penguin Modern Classics  ;Betty Friedan;https://www.amazon.com.be/Feminine-Mystique-Penguin-Modern-Classics/dp/0141192054;
Le Petit Livre du féminin sacré - Reconnectez-vous à votre féminine: Reconnectez-vous à votre âme féminine  ;Yaël Catherinet-Buk;https://www.amazon.com.be/Petit-Livre-féminin-sacré-Reconnectez-vous/dp/2412060479;
Cycle féminin et contraceptions naturelles: Pour une féminité consciente et épanouie  ;Audrey Guillemaud;https://www.amazon.com.be/Cycle-féminin-contraceptions-naturelles-consciente/dp/201945744X;
Le grand livre du Féminin sacré: Recettes sacrées, oracle et tarot, méditations, cristaux  ;Josée-Anne SARAZIN-COTE;https://www.amazon.com.be/grand-livre-Féminin-sacré-méditations/dp/2501144325;
'La Peur du féminin (traduit de l''allemand): Et autres essais de psychologie féminine  ';Erich Neumann;https://www.amazon.com.be/Peur-féminin-traduit-lallemand-psychologie/dp/2380890587;
Féminin sacré, rituels et reliance aux cycles lunaires  ;Corinne De Leenheer;https://www.amazon.com.be/Féminin-rituels-reliance-cycles-lunaires/dp/2815319365;
Autisme au féminin: Approches historique et scientifique, regards cliniques  ;Adeline Lacroix;https://www.amazon.com.be/Autisme-féminin-Approches-historique-scientifique/dp/237747392X;
'L''oracle du féminin sacré (coffret)  ';MEGGAN WATTERSON;https://www.amazon.com.be/Loracle-du-féminin-sacré-coffret/dp/2702917453;
'L''Asperger au féminin  ';Françoise Forin-Mateos, Rudy Simone, et al.;https://www.amazon.com.be/LAsperger-au-féminin-Françoise-Forin-Mateos/dp/2807326404;
Développer son féminin sacré: Se reconnecter à sa puissance et vivre pleinement sa féminité  ;Aurélie Godefroy;https://www.amazon.com.be/Développer-son-féminin-sacré-reconnecter/dp/241600395X;
Histoire de France au féminin  ;Blanche Sabbah et Sandrine Mirza;https://www.amazon.com.be/Histoire-France-féminin-Blanche-Sabbah/dp/2203235535;
Les huiles essentielles féminines - Retrouver son essence féminine  ;Jutta Lenze;https://www.amazon.com.be/huiles-essentielles-féminines-Retrouver-féminine/dp/2356620516;
Pour un soulèvement écologique. Dépasser notre impuissance collective: Dépasser notre impuissance collective  ;Camille Etienne;https://www.amazon.com.be/soulèvement-écologique-Dépasser-impuissance-collective/dp/2021501876;
Journal de guerre écologique  ;Hugo Clément;https://www.amazon.com.be/Journal-guerre-écologique-Hugo-Clément/dp/2253104663;
'L''Écologie d''Intérieur : vivre mieux avec moins  ';Marie Quéru;https://www.amazon.com.be/LÉcologie-dIntérieur-vivre-mieux-moins/dp/2416005642;
'Vivre sans argent. Les premiers pas vers l''autosuffisance: Une maison rustique du XXIème siècle  ';Björn Duval;https://www.amazon.com.be/Vivre-sans-argent-premiers-lautosuffisance/dp/2226462104;
'Petit traité d''écologie sauvage  ';Alessandro Pignocchi;https://www.amazon.com.be/traité-décologie-sauvage-Alessandro-Pignocchi/dp/2368461078;
'Les Grands Textes fondateurs de l''écologie  ';Collectif;https://www.amazon.com.be/Grands-Textes-fondateurs-lécologie/dp/2081272318;
Les sept écologies: Pour une alternative au catastrophisme antimoderne  ;Luc Ferry;https://www.amazon.com.be/sept-écologies-alternative-catastrophisme-antimoderne/dp/2290261408;
Pour une ecologie pirate - Et nous serons libres  ;Fatima Ouassak;https://www.amazon.com.be/Pour-une-ecologie-pirate-serons/dp/234807544X;
'L''isolation thermique écologique - Nouvelle édition: Conception, matériaux, mise en oeuvre  ';Samuel Courgey et Jean-Pierre Oliva;https://www.amazon.com.be/Lisolation-thermique-écologique-Conception-matériaux/dp/2360986546;
Le Monde sans fin, miracle énergétique et dérive climatique  ;Blain Christophe et Jancovici Jean-Marc;https://www.amazon.com.be/Monde-miracle-énergétique-dérive-climatique/dp/2205088165;
Les racines libertaires de l’écologie politique  ;Patrick Chastenet;https://www.amazon.com.be/racines-libertaires-lécologie-politique/dp/2373091186;
'Le plus grand défi de l''histoire de l''humanité - Edition revue et augmentée: Face à la catastrophe écologique et sociale  ';Aurélien Barrau;https://www.amazon.com.be/plus-grand-défi-lhistoire-lhumanité/dp/2749942632;
Peintures et enduits écologiques - Nouvelle édition enrichie: Recettes de fabrication - Mise en œuvre - Préparation des supports - Finitions  ;Bruno Gouttry;https://www.amazon.com.be/Peintures-enduits-écologiques-fabrication-Préparation/dp/2360987216;
'Le Guide illustré de l''écologie  ';Marie-France Dupuis-Tate et Bernard Fischesser;https://www.amazon.com.be/Guide-illustré-lécologie-Marie-France-Dupuis-Tate/dp/2603026755;
'L''écologie  ';Stéphanie Ledu et Nathalie Ragondet;https://www.amazon.com.be/Lécologie-Stéphanie-Ledu/dp/2408016916;
'Éléments d''écologie - 7e éd. - Écologie appliquée: Ecologie appliquée : action de l''Homme sur la biosphère  ';François Ramade;https://www.amazon.com.be/Éléments-décologie-Écologie-appliquée-biosphère/dp/2100839241;
'Une histoire de l''écologie  ';Jean-Paul Deléage;https://www.amazon.com.be/Une-histoire-lécologie-Jean-Paul-Deléage/dp/2020193442;
Woke  ;Bart De Wever;https://www.amazon.com.be/gp/bestsellers/books/27884227031;
Romney: A Reckoning  ;McKay Coppins;https://www.amazon.com.be/Romney-Reckoning-McKay-Coppins/dp/1982196203;
Le Grand Remplacement, quatrième édition, augmentée, Introduction au remplacisme global  ;Renaud Camus;https://www.amazon.com.be/Remplacement-quatrième-augmentée-Introduction-remplacisme/dp/B071Z7GBX5;
'Anna, grand-mère de Jésus - Tome 1: L''histoire extraordinaire d''une femme qui a changé le monde en donnant naissance à une lignée spirituelle  ';Claire Heartsong;https://www.amazon.com.be/Anna-grand-mère-Jésus-extraordinaire-spirituelle/dp/2896260633;
'Les grands discours de femmes qui ont changé l''Histoire  ';Céline Delavaux et Christiane Taubira;https://www.amazon.com.be/grands-discours-femmes-changé-lHistoire/dp/229026136X;
Le grand changement  ;François Roussel;https://www.amazon.com.be/grand-changement-François-Roussel/dp/2344042504;
'Grand remplacement: Mythes et réalités sur l''immigration (French Edition)  ';;https://www.amazon.com.be/Grand-remplacement-Mythes-réalités-limmigration/dp/B0C87H5VGY;
'Le Grand Changement: Comment l''immigration est devenue la question clé en Europe  ';Henrik Lindell;https://www.amazon.com.be/Grand-Changement-Comment-limmigration-question/dp/2268101584;
Flore écologique de Belgique et des régions limitrophes: Suivant la classification APG IV  ;Anne-Laure Jacquemart et Charlotte Descamps;https://www.amazon.com.be/Flore-écologique-Belgique-régions-limitrophes/dp/2807359493;
Laudato si en actes: Petit guide de conversion écologique  ;Marie-Hélène Lafage;https://www.amazon.com.be/Laudato-actes-Petit-conversion-écologique/dp/236526218X;
Immigration : le grand déni  ;François Heran;https://www.amazon.com.be/Immigration-grand-déni-François-Heran/dp/2021531147;
'La France Interdite: La vérité sur l''immigration  ';Laurent Obertone;https://www.amazon.com.be/France-Interdite-vérité-sur-limmigration/dp/2384220047;
'Immigration - Ces réalités qu''on nous cache  ';Patrick Stefanini;https://www.amazon.com.be/Immigration-réalités-quon-nous-cache/dp/2221238699;
'L''étrange suicide de l''Europe: Immigration, identité, Islam  ';Douglas Murray;https://www.amazon.com.be/Létrange-suicide-lEurope-Immigration-identité/dp/2810008256;
Bloody Foreigners: The Story of Immigration to Britain  ;Robert Winder;https://www.amazon.com.be/Bloody-Foreigners-Story-Immigration-Britain/dp/034913880X;
OPEN BORDERS: The Science and Ethics of Immigration  ;Bryan Caplan et Zach Weinersmith;https://www.amazon.com.be/OPEN-BORDERS-Science-Ethics-Immigration/dp/1250316960;
'Accueillir ou reconduire. Enquête sur les guichets de l''immigration  ';Alexis Spire;https://www.amazon.com.be/Accueillir-reconduire-Enquête-guichets-limmigration/dp/291210744X;
Le grand enfumage - Populisme et immigration dans sept pays: Populisme et immigration dans sept pays européens  ;Hervé LE BRAS;https://www.amazon.com.be/grand-enfumage-Populisme-immigration-européens/dp/2815945665;
The Strange Death of Europe: Immigration, Identity, Islam  ;Douglas Murray;https://www.amazon.com.be/Strange-Death-Europe-Immigration-Identity/dp/1472958004;
'Manuel de l''immigration: Les déracinés du capital  ';BOUAMAMA SAID;https://www.amazon.com.be/Manuel-limmigration-déracinés-du-capital/dp/2930827858;
Nomad Century: How to Survive the Climate Upheaval  ;Vince  Gaia;https://www.amazon.com.be/Nomad-Century-Survive-Climate-Upheaval/dp/0141997680;
'L''Immigration expliquée à ma fille  ';Sami Naïr;https://www.amazon.com.be/LImmigration-expliquée-à-ma-fille/dp/2020354535;
Les mots immigrés  ;Erik Orsenna et Bernard Cerquiglini;https://www.amazon.com.be/mots-immigrés-Erik-Orsenna/dp/225394095X;
'Immigration et ségrégation spatiale - L''exemple de Marseille  ';Marc ANGÉLIL, Charlotte MALTERRE-BARTHES, et al.;https://www.amazon.com.be/Immigration-ségrégation-spatiale-Lexemple-Marseille/dp/286364386X;
Parlons immigration en 30 questions: 3e édition  ;La documentation française et François Héran;https://www.amazon.com.be/Parlons-immigration-30-questions-édition/dp/2111573760;
Le grand enfumage - Populisme et immigration dans sept pays: Populisme et immigration dans sept pays européens  ;Hervé LE BRAS;https://www.amazon.com.be/grand-enfumage-Populisme-immigration-européens/dp/2815953188;
'Féminin sacré - Les Guides de l''éveil: Retrouvez toute votre puissance  ';Sophie Sapin;https://www.amazon.com.be/Féminin-sacré-Guides-Retrouvez-puissance/dp/2412081107;
'Sociologie de l''immigration  ';Andrea Rea;https://www.amazon.com.be/Sociologie-limmigration-Andrea-Rea/dp/2348059606;
Pour un lendemain sans libertés volées  ;'Carlo-Alberto Brusa, Hervé Lozac''h, et al.';https://www.amazon.com.be/Pour-lendemain-sans-libertés-volées/dp/2813229598;
Les vaccins Poche pour les Nuls  ;Frédéric Tangy, Jean-Nicolas Tournier, et al.;https://www.amazon.com.be/vaccins-Poche-pour-Nuls/dp/2412029717;
Nuovo Ordine Mondiale e il Grande Reset: Dal vecchio al nuovo Mondo di Ishvara  ;Maria Theresia Bitterli et Davio Bordoli;https://www.amazon.com.be/Nuovo-Ordine-Mondiale-Grande-Reset/dp/3753476242;
'Une écologie décoloniale: Penser l''écologie depuis le monde caribéen  ';Malcom Ferdinand;https://www.amazon.com.be/Une-écologie-décoloniale-lécologie-caribéen/dp/2021388492;
Écologie et démocratie  ;Joëlle Zask;https://www.amazon.com.be/Écologie-démocratie-Joëlle-Zask/dp/2850611360;
'L''an zéro du tourisme - Penser l''avenir après la Grande Pand: Suivi de Pour que le voyage, à nouveau, remplace le tourisme  ';Jean VIARD et David MEDIONI;https://www.amazon.com.be/Lan-zéro-tourisme-lavenir-remplace/dp/2815949520;
Livre de coloriage pour adulte Volume 6: 40 motifs relaxants et anti-stress, Série de livre de coloriage pour adulte par ColoringCraze  ;Coloringcraze;https://www.amazon.com.be/sspa/click?ie=UTF8&spc=MTo1OTUzNDE4NDIwOTk5MjU5OjE2OTU0NTkxMTc6c3BfYXRmOjIwMTMyMTMyMDQwMDk4OjowOjo&url=/Livre-coloriage-pour-adulte-ColoringCraze/dp/1530914884/ref=sr_1_1_sspa?keywords=elections&qid=1695459117&s=books&sr=1-1-spons&sp_csd=d2lkZ2V0TmFtZT1zcF9hdGY&psc=1;
Livre de coloriage pour adulte: 30 pages de coloriages printaniers: 1  ;Coloringcraze;https://www.amazon.com.be/sspa/click?ie=UTF8&spc=MTo1OTUzNDE4NDIwOTk5MjU5OjE2OTU0NTkxMTc6c3BfYXRmOjIwMTMyMTY0NjYxMTk4OjowOjo&url=/Livre-coloriage-pour-adulte-printaniers/dp/1530915414/ref=sr_1_2_sspa?keywords=elections&qid=1695459117&s=books&sr=1-2-spons&sp_csd=d2lkZ2V0TmFtZT1zcF9hdGY&psc=1;
Livre de coloriage pour adulte Volume 5: 40 motifs relaxants et anti-stress, Série de livre de coloriage pour adulte par ColoringCraze  ;Coloringcraze;https://www.amazon.com.be/sspa/click?ie=UTF8&spc=MTo1OTUzNDE4NDIwOTk5MjU5OjE2OTU0NTkxMTc6c3BfbXRmOjIwMTMyMTYyNzA3NDk4OjowOjo&url=/Livre-coloriage-pour-adulte-ColoringCraze/dp/1533428794/ref=sr_1_11_sspa?keywords=elections&qid=1695459117&s=books&sr=1-11-spons&sp_csd=d2lkZ2V0TmFtZT1zcF9tdGY&psc=1;
'Livre de coloriage pour adulte: 30 pages de coloriage sur l''hiver et le froid, Série de livre de coloriage pour adulte par ColoringCraze: 4  ';Coloringcraze;https://www.amazon.com.be/sspa/click?ie=UTF8&spc=MTo1OTUzNDE4NDIwOTk5MjU5OjE2OTU0NTkxMTc6c3BfbXRmOjIwMTMyMTY4NDI2NDk4OjowOjo&url=/Livre-coloriage-pour-adulte-ColoringCraze/dp/1533429391/ref=sr_1_12_sspa?keywords=elections&qid=1695459117&s=books&sr=1-12-spons&sp_csd=d2lkZ2V0TmFtZT1zcF9tdGY&psc=1;
Livre de coloriage pour adulte: 30 pages de coloriages automnales  ;Coloringcraze;https://www.amazon.com.be/sspa/click?ie=UTF8&spc=MTo1OTUzNDE4NDIwOTk5MjU5OjE2OTU0NTkxMTc6c3BfYnRmOjIwMTMyMTgzMzc1Mzk4OjowOjo&url=/Livre-coloriage-pour-adulte-coloriages/dp/1719211248/ref=sr_1_21_sspa?keywords=elections&qid=1695459117&s=books&sr=1-21-spons&sp_csd=d2lkZ2V0TmFtZT1zcF9idGY&psc=1;
Livre de coloriage pour adulte: 30 pages de coloriage le Jour des morts, Série de livre de coloriage pour adulte par ColoringCraze: 1  ;Coloringcraze;https://www.amazon.com.be/sspa/click?ie=UTF8&spc=MTo1OTUzNDE4NDIwOTk5MjU5OjE2OTU0NTkxMTc6c3BfYnRmOjIwMTMyMTgyNDYzNzk4OjowOjo&url=/Livre-coloriage-pour-adulte-ColoringCraze/dp/1533429324/ref=sr_1_22_sspa?keywords=elections&qid=1695459117&s=books&sr=1-22-spons&sp_csd=d2lkZ2V0TmFtZT1zcF9idGY&psc=1;
'Léger - anti-transpirant pour aisselles féminines - Outil de d''extraits de plantes naturelles pour un usage quotidien, une fête, un rendez-vous et d''autres occasions Tytlyworth  ';;https://www.amazon.com.be/sspa/click?ie=UTF8&spc=MToxMjQzNDIwNzc1OTM3MTUwOjE2OTU0NTkzMzU6c3BfYXRmOjMwMDA1ODMxMTA1MjIzMjo6MDo6&url=/L%C3%A9ger-anti-transpirant-naturelles-rendez-vous-Tytlyworth/dp/B0CJ8KVLJC/ref=sr_1_1_sspa?keywords=feminin&qid=1695459335&s=books&sr=1-1-spons&sp_csd=d2lkZ2V0TmFtZT1zcF9hdGY&psc=1;
Livre de coloriage pour adulte Volume 6: 40 motifs relaxants et anti-stress, Série de livre de coloriage pour adulte par ColoringCraze  ;Coloringcraze;https://www.amazon.com.be/sspa/click?ie=UTF8&spc=MToxMjQzNDIwNzc1OTM3MTUwOjE2OTU0NTkzMzU6c3BfbXRmOjIwMTMyMTMyMDQwMTk4OjowOjo&url=/Livre-coloriage-pour-adulte-ColoringCraze/dp/1533428808/ref=sr_1_11_sspa?keywords=feminin&qid=1695459335&s=books&sr=1-11-spons&sp_csd=d2lkZ2V0TmFtZT1zcF9tdGY&psc=1;
Ame de sorcière ou La magie du féminin  ;Odile Chabrillac;https://www.amazon.com.be/sorcière-magie-féminin-Odile-Chabrillac/dp/2266290770;
Livre de coloriage pour adulte: 50 pages de coloriage Halloween, Série de livre de coloriage pour adulte par ColoringCraze: 1  ;Coloringcraze;https://www.amazon.com.be/sspa/click?ie=UTF8&spc=MToxMjQzNDIwNzc1OTM3MTUwOjE2OTU0NTkzMzU6c3BfYnRmOjIwMTMyMTE4MTEyNTk4OjowOjo&url=/Livre-coloriage-pour-adulte-ColoringCraze/dp/1533429863/ref=sr_1_21_sspa?keywords=feminin&qid=1695459335&s=books&sr=1-21-spons&sp_csd=d2lkZ2V0TmFtZT1zcF9idGY&psc=1;
'L''Existence écologique: Critique existentielle de la croissance et anthropologie de l''après-croissance  ';Christian Arnsperger;https://www.amazon.com.be/LExistence-écologique-existentielle-anthropologie-laprès-croissance/dp/2021397807;
'Embouchure de Trombone, Accessoire de Remplacement D''embout de Trombone à Grande Tige en Métal pour Embouchures de Trombone (Or)  ';;https://www.amazon.com.be/sspa/click?ie=UTF8&spc=MToyMjM2OTM5MDc5NzUzMTc1OjE2OTU0NTk0Mzg6c3BfYXRmOjMwMDA0OTg3Nzg4NDIzMjo6MDo6&url=/Embouchure-Trombone-Accessoire-Remplacement-Embouchures/dp/B0BQ3R8J83/ref=sr_1_1_sspa?keywords=grand+remplacement&qid=1695459438&s=books&sr=1-1-spons&sp_csd=d2lkZ2V0TmFtZT1zcF9hdGY&psc=1;
'Embouchure de Trombone, Accessoire de Remplacement D''embouchure à Grande Tige en Métal pour Ténor (Argent)  ';;https://www.amazon.com.be/sspa/click?ie=UTF8&spc=MToyMjM2OTM5MDc5NzUzMTc1OjE2OTU0NTk0Mzg6c3BfYXRmOjMwMDA1MDkwNTk2OTgzMjo6MDo6&url=/Embouchure-Trombone-Accessoire-Remplacement-Dembouchure/dp/B0BP7V9QL7/ref=acm_sr_dp_sspa?keywords=grand+remplacement&qid=1695459438&s=books&sr=1-2-spons&sp_csd=d2lkZ2V0TmFtZT1zcF9hdGY&psc=1;
The Campaign Manager: Running and Winning Local Elections  ;Catherine Shaw;https://www.amazon.com.be/Campaign-Manager-Running-Winning-Elections/dp/0813350794;
'La Double absence: Des illusions de l''émigré aux souffrances de l''immigré  ';Abdelmalek Sayad;https://www.amazon.com.be/Double-absence-illusions-souffrances-limmigré/dp/2757844318;
Tous vaccinés, tous en danger ?: Vaccins à ARNm et corruption : les vérités sur la crise sanitaire  ;Jean-Loup Izambert;https://www.amazon.com.be/Tous-vaccinés-tous-danger-corruption/dp/2368453016;
'Livre de coloriage avec illusions d''optique: 30 illustrations incroyables qui piègeront votre cerveau: 1  ';Coloringcraze;https://www.amazon.com.be/sspa/click?ie=UTF8&spc=MTo2ODI3MTY0MTc4MTAyNjU5OjE2OTU1NDU1Mjg6c3BfYXRmOjIwMTMyMTU3OTgxNDk4OjowOjo&url=/Livre-coloriage-avec-illusions-doptique/dp/1719211353/ref=sr_1_1_sspa?keywords=elections&qid=1695545528&s=books&sr=1-1-spons&sp_csd=d2lkZ2V0TmFtZT1zcF9hdGY&psc=1;
Livre de coloriage pour adulte Volume 4: 40 motifs relaxants et anti-stress, Série de livre de coloriage pour adulte par ColoringCraze  ;Coloringcraze;https://www.amazon.com.be/sspa/click?ie=UTF8&spc=MTo2ODI3MTY0MTc4MTAyNjU5OjE2OTU1NDU1Mjg6c3BfbXRmOjIwMTMyMTkyMjMwMzk4OjowOjo&url=/Livre-coloriage-pour-adulte-ColoringCraze/dp/1533428786/ref=sr_1_11_sspa?keywords=elections&qid=1695545528&s=books&sr=1-11-spons&sp_csd=d2lkZ2V0TmFtZT1zcF9tdGY&psc=1;
Elections and Voters: 5  ;Cees Van der Eijk et Mark N. Franklin;https://www.amazon.com.be/Elections-Voters-Cees-Van-Eijk/dp/1403941289;
Livre de coloriage des mandalas: 50 motifs relaxants par 13 artistes, coloration de présence attentive pour les adultes, volume 1  ;Coloringcraze;https://www.amazon.com.be/sspa/click?ie=UTF8&spc=MTo2ODI3MTY0MTc4MTAyNjU5OjE2OTU1NDU1Mjg6c3BfYnRmOjIwMTMyMTcwNDU5Nzk4OjowOjo&url=/Livre-coloriage-mandalas-relaxants-coloration/dp/1719211299/ref=sr_1_21_sspa?keywords=elections&qid=1695545528&s=books&sr=1-21-spons&sp_csd=d2lkZ2V0TmFtZT1zcF9idGY&psc=1;
'Trois dimensions - Livre de coloriage pour adultes: 30 motifs et formes géométriques avec l''illusion de profondeur: 2  ';Coloringcraze;https://www.amazon.com.be/sspa/click?ie=UTF8&spc=MTo1Mjc2NDQ0NDU2MTU5MzA1OjE2OTU1NDU3NzE6c3BfYXRmOjIwMTMyMTc1NTcwMzk4OjowOjo&url=/Trois-dimensions-coloriage-g%C3%A9om%C3%A9triques-profondeur/dp/1979786828/ref=sr_1_2_sspa?keywords=feminin&qid=1695545771&s=books&sr=1-2-spons&sp_csd=d2lkZ2V0TmFtZT1zcF9hdGY&psc=1;
Livre de coloriage pour adulte Volume 1: 40 motifs relaxants et anti-stress, Série de livre de coloriage pour adulte par ColoringCraze  ;Coloringcraze;https://www.amazon.com.be/sspa/click?ie=UTF8&spc=MTo1Mjc2NDQ0NDU2MTU5MzA1OjE2OTU1NDU3NzE6c3BfbXRmOjIwMTMyMTU4MjQ4NTk4OjowOjo&url=/Livre-coloriage-pour-adulte-ColoringCraze/dp/1533428514/ref=sr_1_11_sspa?keywords=feminin&qid=1695545771&s=books&sr=1-11-spons&sp_csd=d2lkZ2V0TmFtZT1zcF9tdGY&psc=1;
Rivalité, nom féminin  ;Racha Belmehdi;https://www.amazon.com.be/Rivalité-nom-féminin-Racha-Belmehdi/dp/2828919501;
Cycle féminin au naturel: Gérer sa fertilité et prendre soin de sa santé gynécologique  ;Marion Vallet et Dr Sophie Saab-Tsnobiladzé;https://www.amazon.com.be/Cycle-féminin-naturel-fertilité-gynécologique/dp/B09GFB1GVW;
ANATOMIE SIMPLIFIEE DU PERINEE FEMININ  ;FABRE-CLERGUE;https://www.amazon.com.be/ANATOMIE-SIMPLIFIEE-DU-PERINEE-FEMININ/dp/2840237660;
Pages de coloriage variées pour adultes: 25 motifs relaxants et anti-stress, Série de livre de coloriage pour adulte par ColoringCraze: 7  ;Coloringcraze;https://www.amazon.com.be/sspa/click?ie=UTF8&spc=MTo1Mjc2NDQ0NDU2MTU5MzA1OjE2OTU1NDU3NzE6c3BfYnRmOjIwMTMyMTE4MTE0Mzk4OjowOjo&url=/Pages-coloriage-vari%C3%A9es-pour-adultes/dp/1533429251/ref=sr_1_21_sspa?keywords=feminin&qid=1695545771&s=books&sr=1-21-spons&sp_csd=d2lkZ2V0TmFtZT1zcF9idGY&psc=1;
Fake or not - Voitures  ;Aurélien Bigo et Isabelle Brokman;https://www.amazon.com.be/Fake-not-Voitures-Aurélien-Bigo/dp/B0BWDGXWWC;
'Embouchure de Trombone, Accessoire de Remplacement D''embout de Trombone à Grande Tige en Métal pour Embouchures de Trombone (Argent)  ';;https://www.amazon.com.be/sspa/click?ie=UTF8&spc=MTo2NDAxODA1MDA3MTMxNzMxOjE2OTU1NDU4NzQ6c3BfYXRmOjMwMDA0OTg3Nzg4NDMzMjo6MDo6&url=/Embouchure-Trombone-Accessoire-Remplacement-Embouchures/dp/B0BQ3Q5V79/ref=sr_1_1_sspa?keywords=grand+remplacement&qid=1695545874&s=books&sr=1-1-spons&sp_csd=d2lkZ2V0TmFtZT1zcF9hdGY&psc=1;
'Apprivoiser le changement avec l''auto-hypnose - Vers une plus grande liberté intérieure: Vers une plus grande liberté intérieure  ';Kévin Finel;https://www.amazon.com.be/Apprivoiser-changement-avec-lauto-hypnose-intérieure/dp/2729617787;
Livre de coloriage pour adulte Volume 2: 40 motifs relaxants et anti-stress, Série de livre de coloriage pour adulte par ColoringCraze  ;Coloringcraze;https://www.amazon.com.be/sspa/click?ie=UTF8&spc=MToxODEyMDkwODM1Njk2MDg1OjE2OTU2MzE5MjU6c3BfbXRmOjIwMTMyMTM5OTg2Mzk4OjowOjo&url=/Livre-coloriage-pour-adulte-ColoringCraze/dp/153342876X/ref=sr_1_12_sspa?keywords=elections&qid=1695631925&s=books&sr=1-12-spons&sp_csd=d2lkZ2V0TmFtZT1zcF9tdGY&psc=1;
La fraternité bafouée - Sortir de la peur du grand remplacem: Sortir de la peur du "grand remplacement": 0  ;Véronique ALBANEL;https://www.amazon.com.be/fraternité-bafouée-Sortir-remplacem-remplacement/dp/2708245813;
Immigration, idéologie et souci de la vérité  ;Michèle Tribalat;https://www.amazon.com.be/Immigration-idéologie-vérité-Michèle-Tribalat/dp/2810010935;
En première ligne COVID 19: Lettres du front  ;'Marine Sahut d''Izarn';https://www.amazon.com.be/En-première-ligne-COVID-19/dp/2940632731;
Églises et écologie. Une révolution à reculons  ;Christophe Monnot et Frédéric Rognon;https://www.amazon.com.be/Églises-écologie-Une-révolution-reculons/dp/2830917286;
Livre de coloriage pour adulte Volume 3: 40 motifs relaxants et anti-stress, Série de livre de coloriage pour adulte par ColoringCraze  ;Coloringcraze;https://www.amazon.com.be/sspa/click?ie=UTF8&spc=MToxOTE2NDkxOTYxMDIxMDMyOjE2OTU3MzE5ODg6c3BfYXRmOjIwMTMyMTcxNjc0Nzk4OjowOjo&url=/Livre-coloriage-pour-adulte-ColoringCraze/dp/1533428778/ref=sr_1_2_sspa?keywords=feminin&qid=1695731988&s=books&sr=1-2-spons&sp_csd=d2lkZ2V0TmFtZT1zcF9hdGY&psc=1;
Livre de coloriage pour adulte: Ronronnez avec 40 chats, Pages de coloriage adultes pour se détendre par ColoringCraze: 1  ;Coloringcraze;https://www.amazon.com.be/sspa/click?ie=UTF8&spc=MToxOTE2NDkxOTYxMDIxMDMyOjE2OTU3MzE5ODg6c3BfbXRmOjIwMTMyMTY0NzEzMjk4OjowOjo&url=/Livre-coloriage-pour-adulte-ColoringCraze/dp/1533429936/ref=sr_1_12_sspa?keywords=feminin&qid=1695731988&s=books&sr=1-12-spons&sp_csd=d2lkZ2V0TmFtZT1zcF9tdGY&psc=1;
Livre de coloriage pour adulte: 50 pages de coloriage de Noël, Série de livre de coloriage pour adulte par ColoringCraze: 1  ;Coloringcraze;https://www.amazon.com.be/sspa/click?ie=UTF8&spc=MTo5NzIxODQ4MTYyNzczMTg6MTY5NTgwNTAzOTpzcF9tdGY6MjAxMzIxNzc0Njg0OTg6OjA6Og&url=/Livre-coloriage-pour-adulte-ColoringCraze/dp/1533429820/ref=sr_1_11_sspa?keywords=feminin&qid=1695805039&s=books&sr=1-11-spons&sp_csd=d2lkZ2V0TmFtZT1zcF9tdGY&psc=1;
Le TDAH au féminin - Célébrez vos forces et dépassez vos limites  ;Sari Solden et Michelle Frank;https://www.amazon.com.be/TDAH-féminin-Célébrez-dépassez-limites/dp/2897921579;
