2021531147;Immigration : le grand déni  ;François Heran;https://www.amazon.com.be/Immigration-grand-déni-François-Heran/dp/2021531147
2384220047;La France Interdite: La vérité sur l'immigration  ;Laurent Obertone;https://www.amazon.com.be/France-Interdite-vérité-sur-limmigration/dp/2384220047
2221238699;Immigration - Ces réalités qu'on nous cache  ;Patrick Stefanini;https://www.amazon.com.be/Immigration-réalités-quon-nous-cache/dp/2221238699
2810008256;L'étrange suicide de l'Europe: Immigration, identité, Islam  ;Douglas Murray;https://www.amazon.com.be/Létrange-suicide-lEurope-Immigration-identité/dp/2810008256
034913880X;Bloody Foreigners: The Story of Immigration to Britain  ;Robert Winder;https://www.amazon.com.be/Bloody-Foreigners-Story-Immigration-Britain/dp/034913880X
291210744X;Accueillir ou reconduire. Enquête sur les guichets de l'immigration  ;Alexis Spire;https://www.amazon.com.be/gp/bestsellers/books/27883245031
2815945665;Le grand enfumage - Populisme et immigration dans sept pays: Populisme et immigration dans sept pays européens  ;Hervé LE BRAS;https://www.amazon.com.be/gp/bestsellers/books/27883245031
2348059606;Sociologie de l'immigration  ;Andrea Rea;https://www.amazon.com.be/Sociologie-limmigration-Andrea-Rea/dp/2348059606
1472958004;The Strange Death of Europe: Immigration, Identity, Islam  ;Douglas Murray;https://www.amazon.com.be/gp/bestsellers/books/27883245031
1250316960;OPEN BORDERS: The Science and Ethics of Immigration  ;Bryan Caplan et Zach Weinersmith;https://www.amazon.com.be/gp/bestsellers/books/27883245031
2810010935;Immigration, idéologie et souci de la vérité  ;Michèle Tribalat;https://www.amazon.com.be/gp/bestsellers/books/27883245031
2111573760;Parlons immigration en 30 questions: 3e édition  ;La documentation française et François Héran;https://www.amazon.com.be/gp/bestsellers/books/27883245031
2930827858;Manuel de l'immigration: Les déracinés du capital  ;BOUAMAMA SAID;https://www.amazon.com.be/Manuel-limmigration-déracinés-du-capital/dp/2930827858
2020354535;L'Immigration expliquée à ma fille  ;Sami Naïr;https://www.amazon.com.be/gp/bestsellers/books/27883245031
0141997680;Nomad Century: How to Survive the Climate Upheaval  ;Vince  Gaia;https://www.amazon.com.be/Nomad-Century-Survive-Climate-Upheaval/dp/0141997680
225394095X;Les mots immigrés  ;Erik Orsenna et Bernard Cerquiglini;https://www.amazon.com.be/mots-immigrés-Erik-Orsenna/dp/225394095X
