2810011524;Covid 19, ce que révèlent les chiffres officiels: Mortalité, tests, vaccins, hôpitaux, la vérité émerge  ;Pierre Chaillot;https://www.amazon.fr/Covid-que-révèlent-chiffres-officiels/dp/2810011524
B0BM8X5JY5;Les Apprentis sorciers: Tout ce que l'on vous cache sur l'ARN messager  ;Alexandra Henrion Caude;https://www.amazon.com.be/Apprentis-sorciers-Tout-cache-messager/dp/B0BM8X5JY5
2940631131;COVID-19: La Grande Réinitialisation  ;Klaus Schwab et Thierry Malleret;https://www.amazon.fr/COVID-19-Grande-Réinitialisation-Klaus-Schwab/dp/2940631131
2813229865;covid 19 - Une autre vision de l'épidémie: Les vérités d'un épidémiologiste  ;Christine CottonLaurence Muller-Bronn, et al.;https://www.amazon.fr/Tous-vaccinés-tous-protégés-catastrophe/dp/2813229865
2369990082;Covid 19 : Les Dossiers Dangereux: " Dépopulation, morts suspectes, manipulations, compromissions et organisations mafieuses " NOUVELLES REVELATIONS  ;Philippe Aimar et Patrice Servage;https://www.amazon.fr/gp/offer-listing/2369990082
2322408301;Vaccins contre la Covid-19 : L'impossible consentement: Rapport "Effets indésirables des vaccins contre la Covid-19 et système de pharmacovigilance ... suite à l'enquête demandée par le Sénat  ;Amine Umlil;https://www.amazon.com.be/Vaccins-contre-Covid-19-consentement-pharmacovigilance/dp/2322408301
2940631123;Le grand reset n'aura pas lieu  ;Klaus Schwab et Thierry Malleret;https://www.amazon.com.be/Press-Reset-Recovery-Video-Industry/dp/1538735490
2810011117;covid 19 - Une autre vision de l'épidémie: Les vérités d'un épidémiologiste  ;Philippe Aimar et Patrice Servage;https://www.amazon.fr/covid-19-lépidémie-vérités-épidémiologiste/dp/2810011117
2813229598;COVID-19: The Great Reset  ;Carlo-Alberto Brusa, Hervé Lozac'h, et al.;https://www.amazon.com.be/Vaccins-contre-Covid-19-consentement-pharmacovigilance/dp/2322408301
1961071010;COVID-19: The Great Reset  ;Kay Cove;https://www.amazon.com.be/Vaccins-contre-Covid-19-consentement-pharmacovigilance/dp/2322408301
1737478560;The Bodies of Others: The New Authoritarians, COVID-19 and The War Against the Human  ;Naomi Wolf;https://www.amazon.com.be/Bodies-Others-Authoritarians-COVID-19-Against/dp/1737478560
0982456069;Soulager le Covid long : les solutions naturelles  ;Alex Brunet Hamadi, Raphaël Gruman, et al.;https://www.amazon.com.be/Soulager-Covid-long-solutions-naturelles/dp/B096Z13917
B09GJGF9JK;Vaccins Covid: 159 témoignages sur leurs effets réels  ;Lucia CanoviAdeline Aragon, et al.;https://www.amazon.fr/Vaccins-Covid-témoignages-leurs-effets/dp/B09GJGF9JK
2813226580;Le Débat interdit - Langage, covid et totalitarisme  ;Ariane Bilheran, Vincent Pavan, et al.;https://www.amazon.com.be/Débat-interdit-Langage-covid-totalitarisme/dp/2813226580
2813228052;Antivax toi-même ! - Retrouvons un esprit critique sur la vaccination  ;Xavier BazinMichel de Lorgeril;https://www.amazon.fr/Antivax-toi-même-Retrouvons-critique-vaccination/dp/2813228052
1787388417;Covid-19: La Grande Réinitialisation  ;XXX;https://www.amazon.com.be/Covid-révèlent-chiffres-officiels-2023/dp/2810011923
