B0CJ8KR8MV;Femme | anti-transpirant pour aisselles féminines | Accessoire de de petite capacité pour un usage quotidien, des fêtes, des rencontres et d'autres occasions Ukuding  ;;https://www.amazon.com.be/sspa/click?ie=UTF8&spc=MTo3MjkyODM3NjU4MDYyMjAzOjE2OTc1MzYwNzQ6c3BfYXRmOjMwMDA1ODI4NzI4ODkzMjo6MDo6&url=/anti-transpirant-aisselles-Accessoire-rencontres-Ukuding/dp/B0CJ8KR8MV/ref=sr_1_2_sspa?keywords=feminin&qid=1697536074&s=books&sr=1-2-spons&sp_csd=d2lkZ2V0TmFtZT1zcF9hdGY&psc=1
B0CJ8KVLJC;Léger - anti-transpirant pour aisselles féminines - Outil de d'extraits de plantes naturelles pour un usage quotidien, une fête, un rendez-vous et d'autres occasions Tytlyworth  ;;https://www.amazon.com.be/sspa/click?ie=UTF8&spc=MTo2NjUzMTAzNjAyNTI1Nzk1OjE2OTc0NDk1Njg6c3BfbXRmOjMwMDA1ODMxMTA1MjIzMjo6MDo6&url=/L%C3%A9ger-anti-transpirant-naturelles-rendez-vous-Tytlyworth/dp/B0CJ8KVLJC/ref=sr_1_11_sspa?keywords=feminin&qid=1697449568&s=books&sr=1-11-spons&sp_csd=d2lkZ2V0TmFtZT1zcF9tdGY&psc=1
2815317915;Se libérer de sa lignée et guérir son féminin: Les 39 clés de transformation  ;Bernard Chaumeil;https://www.amazon.com.be/sspa/click?ie=UTF8&spc=MTo3OTE2OTA1MDM5MTg3MDYxOjE2OTc2MjI0Mjk6c3BfYXRmOjIwMTMyMTcwNDU5Nzk4OjowOjo&url=/Livre-coloriage-mandalas-relaxants-coloration/dp/1719211299/ref=sr_1_2_sspa?keywords=feminin&qid=1697622429&s=books&sr=1-2-spons&sp_csd=d2lkZ2V0TmFtZT1zcF9hdGY&psc=1
2501144325;Le grand livre du Féminin sacré: Recettes sacrées, oracle et tarot, méditations, cristaux  ;Josée-Anne SARAZIN-COTE;https://www.amazon.com.be/grand-livre-Féminin-sacré-méditations/dp/2501144325
B0BT8TMHYX;Healing The Feminine Energy: & The Wounds Of Your Inner Child: 1  ;Reemus Bailey;https://www.amazon.com.be/sspa/click?ie=UTF8&spc=MTo3OTE2OTA1MDM5MTg3MDYxOjE2OTc2MjI0Mjk6c3BfYXRmOjIwMTMyMTcwNDU5Nzk4OjowOjo&url=/Livre-coloriage-mandalas-relaxants-coloration/dp/1719211299/ref=sr_1_2_sspa?keywords=feminin&qid=1697622429&s=books&sr=1-2-spons&sp_csd=d2lkZ2V0TmFtZT1zcF9hdGY&psc=1
2080265776;Féminin  ;Claire Touzard;https://www.amazon.com.be/sspa/click?ie=UTF8&spc=MTo3OTE2OTA1MDM5MTg3MDYxOjE2OTc2MjI0Mjk6c3BfYXRmOjIwMTMyMTcwNDU5Nzk4OjowOjo&url=/Livre-coloriage-mandalas-relaxants-coloration/dp/1719211299/ref=sr_1_2_sspa?keywords=feminin&qid=1697622429&s=books&sr=1-2-spons&sp_csd=d2lkZ2V0TmFtZT1zcF9hdGY&psc=1
2815319365;Féminin sacré, rituels et reliance aux cycles lunaires  ;Corinne De Leenheer;https://www.amazon.com.be/sspa/click?ie=UTF8&spc=MTo3OTE2OTA1MDM5MTg3MDYxOjE2OTc2MjI0Mjk6c3BfYXRmOjIwMTMyMTcwNDU5Nzk4OjowOjo&url=/Livre-coloriage-mandalas-relaxants-coloration/dp/1719211299/ref=sr_1_2_sspa?keywords=feminin&qid=1697622429&s=books&sr=1-2-spons&sp_csd=d2lkZ2V0TmFtZT1zcF9hdGY&psc=1
2807326404;L'Asperger au féminin  ;Françoise Forin-Mateos, Rudy Simone, et al.;https://www.amazon.com.be/gp/bestsellers/books/27884151031
201945744X;Cycle féminin et contraceptions naturelles: Pour une féminité consciente et épanouie  ;Audrey Guillemaud;https://www.amazon.com.be/gp/bestsellers/books/27884151031
2210762626;La Condition féminine - Classiques et Contemporains  ;Myriam Zaber et Collectif;https://www.amazon.com.be/LAsperger-au-féminin-Françoise-Forin-Mateos/dp/2807326404
B0C9Z8GNYY;2 Pcs Couverture femme qui pleure - Couvre-chef fantôme zombie effrayant féminin qui pleure - Latex Effrayant Effrayant Mal Femelle Fantôme Diable Pleine Tête Couvre-chef Ukuding  ;;https://www.amazon.com.be/sspa/click?ie=UTF8&spc=MTo3MjkyODM3NjU4MDYyMjAzOjE2OTc1MzYwNzQ6c3BfbXRmOjMwMDAzMjc5OTkxODczMjo6MDo6&url=/Pcs-Couverture-femme-qui-pleure/dp/B0C9Z8GNYY/ref=sr_1_11_sspa?keywords=feminin&qid=1697536074&s=books&sr=1-11-spons&sp_csd=d2lkZ2V0TmFtZT1zcF9tdGY&psc=1
1979786828;Trois dimensions - Livre de coloriage pour adultes: 30 motifs et formes géométriques avec l'illusion de profondeur: 2  ;Coloringcraze;https://www.amazon.com.be/grand-livre-Féminin-sacré-méditations/dp/2501144325
241600395X;Développer son féminin sacré: Se reconnecter à sa puissance et vivre pleinement sa féminité  ;Aurélie Godefroy;https://www.amazon.com.be/Développer-son-féminin-sacré-reconnecter/dp/241600395X
2897921579;Le TDAH au féminin - Célébrez vos forces et dépassez vos limites  ;Sari Solden et Michelle Frank;https://www.amazon.com.be/TDAH-féminin-Célébrez-dépassez-limites/dp/2897921579
237747392X;Autisme au féminin: Approches historique et scientifique, regards cliniques  ;Adeline Lacroix;https://www.amazon.com.be/Autisme-féminin-Approches-historique-scientifique/dp/237747392X
0141192054;The Feminine Mystique: Penguin Modern Classics  ;Betty Friedan;https://www.amazon.com.be/Feminine-Mystique-Penguin-Modern-Classics/dp/0141192054
2412060479;Le Petit Livre du féminin sacré - Reconnectez-vous à votre féminine: Reconnectez-vous à votre âme féminine  ;Yaël Catherinet-Buk;https://www.amazon.com.be/Petit-Livre-féminin-sacré-Reconnectez-vous/dp/2412060479
2828919501;Rivalité, nom féminin  ;Racha Belmehdi;https://www.amazon.com.be/Rivalité-nom-féminin-Racha-Belmehdi/dp/2828919501
2266290770;Ame de sorcière ou La magie du féminin  ;Odile Chabrillac;https://www.amazon.com.be/sorcière-magie-féminin-Odile-Chabrillac/dp/2266290770
2412081107;Féminin sacré - Les Guides de l'éveil: Retrouvez toute votre puissance  ;Sophie Sapin;https://www.amazon.com.be/Condition-féminine-Classiques-Contemporains/dp/2210762626
1533428514;Livre de coloriage pour adulte Volume 1: 40 motifs relaxants et anti-stress, Série de livre de coloriage pour adulte par ColoringCraze  ;Coloringcraze;https://www.amazon.com.be/sspa/click?ie=UTF8&spc=MToxOTc1NTMxODg1MzEzNjE0OjE2OTc1MzQ5MTM6c3BfbXRmOjIwMTMyMTU4MjQ4NTk4OjowOjo&url=/Livre-coloriage-pour-adulte-ColoringCraze/dp/1533428514/ref=sr_1_12_sspa?keywords=elections&qid=1697534913&s=books&sr=1-12-spons&sp_csd=d2lkZ2V0TmFtZT1zcF9tdGY&psc=1
1533428808;Livre de coloriage pour adulte Volume 6: 40 motifs relaxants et anti-stress, Série de livre de coloriage pour adulte par ColoringCraze  ;Coloringcraze;https://www.amazon.com.be/sspa/click?ie=UTF8&spc=MTo1NzkxMjA1NDU2MTIzMTQ3OjE2OTczNjIxNDc6c3BfYnRmOjIwMTMyMTMyMDQwMTk4OjowOjo&url=/Livre-coloriage-pour-adulte-ColoringCraze/dp/1533428808/ref=sr_1_21_sspa?keywords=elections&qid=1697362147&s=books&sr=1-21-spons&sp_csd=d2lkZ2V0TmFtZT1zcF9idGY&psc=1
