2021365743;Le Changement climatique expliqué à ma fille (Nouvelle édition augmentée)  ;Jean-Marc Jancovici;https://www.amazon.com.be/Changement-climatique-expliqué-Nouvelle-augmentée/dp/2021365743
2810011648;Le climat par les chiffres: Sortir de la science-fiction du GIEC  ;Christian Gerondeau;https://www.amazon.com.be/climat-par-chiffres-Sortir-science-fiction/dp/2810011648
2810011370;climat, la part d'incertitude  ;Steven Koonin;https://www.amazon.com.be/climat-part-dincertitude-Steven-Koonin/dp/2810011370
2412081344;Le monde change et on n'y comprend rien!: Climat, technologie, économie, société... Une enquête indispensable pour enfin y voir plus clair  ;Christian Gerondeau;https://www.amazon.com.be/monde-change-comprend-rien-indispensable/dp/2412081344
2271139775;Tout comprendre (ou presque) sur le climat  ;Anne Bres, Claire Marc, et al.;https://www.amazon.com.be/Tout-comprendre-presque-sur-climat/dp/2271139775
2212562446;Le changement climatique en BD  ;Grady Klein et Yoram Bauman;https://www.amazon.com.be/changement-climatique-en-BD/dp/2212562446
2761949757;Ce qu'on ne vous dit pas sur le changement climatique  ;Gilles Brien;https://www.amazon.fr/changement-climatique-101-infographies/dp/2036024653
233007039X;Tout peut changer: Capitalisme et changement climatique  ;Naomi Klein, Nicolas Calve, et al.;https://www.amazon.com.be/Tout-peut-changer-Capitalisme-changement/dp/233007039X
2757896903;Géomimétisme - Réguler le changement climatique grâce à la nature  ;Pierre Gilbert et Gaël Giraud;https://www.amazon.com.be/Latlas-du-changement-climatique-Collectif/dp/2075150540
2092495240;Le changement climatique  ;Mathieu Hirtzig, David Wilgenbus, et al.;https://www.amazon.com.be/changement-climatique-Mathieu-Hirtzig/dp/2092495240
2759826880;Le changement climatique  ;Mark Maslin et Alan Rodney;https://www.amazon.com.be/changement-climatique-Mark-Maslin/dp/2759826880
2036024653;Le changement climatique en 101 infographies  ;Professeur F.Berkhout, C. Gifford, et al.;https://www.amazon.fr/changement-climatique-en-BD/dp/2212562446
B09Z91233L;Tout peut changer: Capitalisme et changement climatique  ;Sylvestre Huet et Jean Jouzel;https://www.amazon.com.be/Tout-peut-changer-Capitalisme-changement/dp/233007039X
2330152477;Le changement climatique en 101 infographies  ;Professeur F.Berkhout, C. Gifford, et al.;https://www.amazon.com.be/Syndrome-lautruche-Pourquoi-changement-climatique/dp/2330152477
B09NN64ZSN;Le potager du paresseux frappé par le changement climatique: S'adapter et saisir les opportunités  ;Didier Helmstetter;https://www.amazon.com.be/potager-paresseux-frappé-changement-climatique/dp/B09NN64ZSN
2800415355;LE CHANGEMENT CLIMATIQUE, MYTHES, REALITES ETINCERTITUDES (0000)  ;Pier Vellinga et Anne Lowyck;https://www.amazon.com.be/CHANGEMENT-CLIMATIQUE-MYTHES-REALITES-ETINCERTITUDES/dp/2800415355
